[  194698ms] [ERROR] WebSocket connection to 'ws://localhost:5173/ws' failed: Connection closed before receiving a handshake response @ http://localhost:5173/src/net/client.ts:11
[  279323ms] [ERROR] WebSocket connection to 'ws://localhost:5173/ws' failed: Connection closed before receiving a handshake response @ http://localhost:5173/src/net/client.ts:11
[  524780ms] [ERROR] WebSocket connection to 'ws://localhost:5173/ws' failed: Connection closed before receiving a handshake response @ http://localhost:5173/src/net/client.ts:11
[  533461ms] [ERROR] WebSocket connection to 'ws://localhost:5173/ws' failed: Connection closed before receiving a handshake response @ http://localhost:5173/src/net/client.ts:11
[  553005ms] [ERROR] WebSocket connection to 'ws://localhost:5173/ws' failed: Connection closed before receiving a handshake response @ http://localhost:5173/src/net/client.ts:11
[  577072ms] [ERROR] WebSocket connection to 'ws://localhost:5173/ws' failed: Connection closed before receiving a handshake response @ http://localhost:5173/src/net/client.ts:11
[  598825ms] [ERROR] Failed to load resource: the server responded with a status of 500 (Internal Server Error) @ http://localhost:5173/@fs/Users/apolon/Projects/lantis/open-sector/gridlock/packages/shared/src/sim/match.ts?t=1789379718789:0
[  634883ms] [ERROR] WebSocket connection to 'ws://localhost:5173/ws' failed: Connection closed before receiving a handshake response @ http://localhost:5173/src/net/client.ts:11
[  676717ms] [ERROR] WebSocket connection to 'ws://localhost:5173/ws' failed: Connection closed before receiving a handshake response @ http://localhost:5173/src/net/client.ts:11
[  708010ms] [ERROR] WebSocket connection to 'ws://localhost:5173/ws' failed: Connection closed before receiving a handshake response @ http://localhost:5173/src/net/client.ts:11
[  727547ms] [ERROR] WebSocket connection to 'ws://localhost:5173/ws' failed: Connection closed before receiving a handshake response @ http://localhost:5173/src/net/client.ts:11
[  755971ms] [ERROR] WebSocket connection to 'ws://localhost:5173/ws' failed: Connection closed before receiving a handshake response @ http://localhost:5173/src/net/client.ts:11
[  792862ms] [ERROR] WebSocket connection to 'ws://localhost:5173/ws' failed: Connection closed before receiving a handshake response @ http://localhost:5173/src/net/client.ts:11
[  802649ms] [ERROR] WebSocket connection to 'ws://localhost:5173/ws' failed: Connection closed before receiving a handshake response @ http://localhost:5173/src/net/client.ts:11
[  821185ms] [ERROR] WebSocket connection to 'ws://localhost:5173/ws' failed: Connection closed before receiving a handshake response @ http://localhost:5173/src/net/client.ts:11
[  975796ms] [ERROR] WebSocket connection to 'ws://localhost:5173/ws' failed: Connection closed before receiving a handshake response @ http://localhost:5173/src/net/client.ts:11
[ 1019807ms] [ERROR] WebSocket connection to 'ws://localhost:5173/ws' failed: Connection closed before receiving a handshake response @ http://localhost:5173/src/net/client.ts:11
[ 1031563ms] [ERROR] WebSocket connection to 'ws://localhost:5173/ws' failed: Connection closed before receiving a handshake response @ http://localhost:5173/src/net/client.ts:11
[ 1090084ms] [ERROR] WebSocket connection to 'ws://localhost:5173/ws' failed: Connection closed before receiving a handshake response @ http://localhost:5173/src/net/client.ts:11
[ 1153115ms] [ERROR] WebSocket connection to 'ws://localhost:5173/ws' failed: Connection closed before receiving a handshake response @ http://localhost:5173/src/net/client.ts:11
[ 1224003ms] [ERROR] WebSocket connection to 'ws://localhost:5173/ws' failed: Connection closed before receiving a handshake response @ http://localhost:5173/src/net/client.ts:11
[ 1264504ms] [ERROR] WebSocket connection to 'ws://localhost:5173/ws' failed: Connection closed before receiving a handshake response @ http://localhost:5173/src/net/client.ts:11
[ 2036231ms] [LOG] [vite] server connection lost. Polling for restart... @ http://localhost:5173/@vite/client:963
[ 2036336ms] [ERROR] WebSocket connection to 'ws://localhost:5173/' failed: Error during WebSocket handshake: Unexpected response code: 404 @ http://localhost:5173/@vite/client:1034
[ 2037347ms] [ERROR] WebSocket connection to 'ws://localhost:5173/' failed: Error during WebSocket handshake: Unexpected response code: 404 @ http://localhost:5173/@vite/client:1034
[ 2038374ms] [ERROR] WebSocket connection to 'ws://localhost:5173/' failed: Error during WebSocket handshake: Unexpected response code: 404 @ http://localhost:5173/@vite/client:1034
[ 2039403ms] [ERROR] WebSocket connection to 'ws://localhost:5173/' failed: Error during WebSocket handshake: Unexpected response code: 404 @ http://localhost:5173/@vite/client:1034
[ 2040410ms] [ERROR] WebSocket connection to 'ws://localhost:5173/' failed: Error during WebSocket handshake: Unexpected response code: 404 @ http://localhost:5173/@vite/client:1034
[ 2041490ms] [ERROR] WebSocket connection to 'ws://localhost:5173/' failed: Error during WebSocket handshake: Unexpected response code: 404 @ http://localhost:5173/@vite/client:1034
[ 2042507ms] [ERROR] WebSocket connection to 'ws://localhost:5173/' failed: Error during WebSocket handshake: Unexpected response code: 404 @ http://localhost:5173/@vite/client:1034
[ 2043532ms] [ERROR] WebSocket connection to 'ws://localhost:5173/' failed: Error during WebSocket handshake: Unexpected response code: 404 @ http://localhost:5173/@vite/client:1034
[ 2044565ms] [ERROR] WebSocket connection to 'ws://localhost:5173/' failed: Error during WebSocket handshake: Unexpected response code: 404 @ http://localhost:5173/@vite/client:1034
[ 2045599ms] [ERROR] WebSocket connection to 'ws://localhost:5173/' failed: Error during WebSocket handshake: Unexpected response code: 404 @ http://localhost:5173/@vite/client:1034
[ 2046703ms] [ERROR] WebSocket connection to 'ws://localhost:5173/' failed: Error during WebSocket handshake: Unexpected response code: 404 @ http://localhost:5173/@vite/client:1034
[ 2047914ms] [ERROR] WebSocket connection to 'ws://localhost:5173/' failed: Error during WebSocket handshake: Unexpected response code: 404 @ http://localhost:5173/@vite/client:1034
[ 2049245ms] [ERROR] WebSocket connection to 'ws://localhost:5173/' failed: Error during WebSocket handshake: Unexpected response code: 404 @ http://localhost:5173/@vite/client:1034
[ 2050835ms] [ERROR] WebSocket connection to 'ws://localhost:5173/' failed: Error during WebSocket handshake: Unexpected response code: 404 @ http://localhost:5173/@vite/client:1034
[ 2053897ms] [ERROR] WebSocket connection to 'ws://localhost:5173/' failed: Error during WebSocket handshake: Unexpected response code: 404 @ http://localhost:5173/@vite/client:1034
[ 2057814ms] [ERROR] WebSocket connection to 'ws://localhost:5173/' failed: Error during WebSocket handshake: Unexpected response code: 404 @ http://localhost:5173/@vite/client:1034
[ 2061088ms] [ERROR] WebSocket connection to 'ws://localhost:5173/' failed: Error during WebSocket handshake: Unexpected response code: 404 @ http://localhost:5173/@vite/client:1034
[ 2066983ms] [ERROR] WebSocket connection to 'ws://localhost:5173/' failed: Error during WebSocket handshake: Unexpected response code: 404 @ http://localhost:5173/@vite/client:1034
[ 2072435ms] [ERROR] WebSocket connection to 'ws://localhost:5173/' failed: Error during WebSocket handshake: Unexpected response code: 404 @ http://localhost:5173/@vite/client:1034
[ 2076648ms] [ERROR] WebSocket connection to 'ws://localhost:5173/' failed: Error during WebSocket handshake: Unexpected response code: 404 @ http://localhost:5173/@vite/client:1034
[ 2080996ms] [ERROR] WebSocket connection to 'ws://localhost:5173/' failed: Error during WebSocket handshake: Unexpected response code: 404 @ http://localhost:5173/@vite/client:1034
[ 2084379ms] [ERROR] WebSocket connection to 'ws://localhost:5173/' failed: Error during WebSocket handshake: Unexpected response code: 404 @ http://localhost:5173/@vite/client:1034
[ 2087992ms] [ERROR] WebSocket connection to 'ws://localhost:5173/' failed: Error during WebSocket handshake: Unexpected response code: 404 @ http://localhost:5173/@vite/client:1034
[ 2090309ms] [ERROR] WebSocket connection to 'ws://localhost:5173/' failed: Error during WebSocket handshake: Unexpected response code: 404 @ http://localhost:5173/@vite/client:1034
[ 2092879ms] [ERROR] WebSocket connection to 'ws://localhost:5173/' failed: Error during WebSocket handshake: Unexpected response code: 404 @ http://localhost:5173/@vite/client:1034
[ 2096877ms] [ERROR] WebSocket connection to 'ws://localhost:5173/' failed: Error during WebSocket handshake: Unexpected response code: 404 @ http://localhost:5173/@vite/client:1034
[ 2099601ms] [ERROR] WebSocket connection to 'ws://localhost:5173/' failed: Error during WebSocket handshake: Unexpected response code: 404 @ http://localhost:5173/@vite/client:1034
[ 2103200ms] [ERROR] WebSocket connection to 'ws://localhost:5173/' failed: Error during WebSocket handshake: Unexpected response code: 404 @ http://localhost:5173/@vite/client:1034
[ 2106615ms] [ERROR] WebSocket connection to 'ws://localhost:5173/' failed: Error during WebSocket handshake: Unexpected response code: 404 @ http://localhost:5173/@vite/client:1034
[ 2112201ms] [ERROR] WebSocket connection to 'ws://localhost:5173/' failed: Error during WebSocket handshake: Unexpected response code: 404 @ http://localhost:5173/@vite/client:1034
[ 2114331ms] [ERROR] WebSocket connection to 'ws://localhost:5173/' failed: Error during WebSocket handshake: Unexpected response code: 404 @ http://localhost:5173/@vite/client:1034
[ 2116599ms] [ERROR] WebSocket connection to 'ws://localhost:5173/' failed: Error during WebSocket handshake: Unexpected response code: 404 @ http://localhost:5173/@vite/client:1034
[ 2120141ms] [ERROR] WebSocket connection to 'ws://localhost:5173/' failed: Error during WebSocket handshake: Unexpected response code: 404 @ http://localhost:5173/@vite/client:1034
[ 2125123ms] [ERROR] WebSocket connection to 'ws://localhost:5173/' failed: Error during WebSocket handshake: Unexpected response code: 404 @ http://localhost:5173/@vite/client:1034
[ 2129651ms] [ERROR] WebSocket connection to 'ws://localhost:5173/' failed: Error during WebSocket handshake: Unexpected response code: 404 @ http://localhost:5173/@vite/client:1034
[ 2131909ms] [ERROR] WebSocket connection to 'ws://localhost:5173/' failed: Error during WebSocket handshake: Unexpected response code: 404 @ http://localhost:5173/@vite/client:1034
[ 2135428ms] [ERROR] WebSocket connection to 'ws://localhost:5173/' failed: Error during WebSocket handshake: Unexpected response code: 404 @ http://localhost:5173/@vite/client:1034
[ 2137490ms] [ERROR] WebSocket connection to 'ws://localhost:5173/' failed: Error during WebSocket handshake: Unexpected response code: 404 @ http://localhost:5173/@vite/client:1034
[ 2141012ms] [ERROR] WebSocket connection to 'ws://localhost:5173/' failed: Error during WebSocket handshake: Unexpected response code: 404 @ http://localhost:5173/@vite/client:1034
[ 2143634ms] [ERROR] WebSocket connection to 'ws://localhost:5173/' failed: Error during WebSocket handshake: Unexpected response code: 404 @ http://localhost:5173/@vite/client:1034
[ 2146526ms] [ERROR] WebSocket connection to 'ws://localhost:5173/' failed: Error during WebSocket handshake: Unexpected response code: 404 @ http://localhost:5173/@vite/client:1034
[ 2149823ms] [ERROR] WebSocket connection to 'ws://localhost:5173/' failed: Error during WebSocket handshake: Unexpected response code: 404 @ http://localhost:5173/@vite/client:1034
[ 2154429ms] [ERROR] WebSocket connection to 'ws://localhost:5173/' failed: Error during WebSocket handshake: Unexpected response code: 404 @ http://localhost:5173/@vite/client:1034
[ 2159469ms] [ERROR] WebSocket connection to 'ws://localhost:5173/' failed: Error during WebSocket handshake: Unexpected response code: 404 @ http://localhost:5173/@vite/client:1034
[ 2163141ms] [ERROR] WebSocket connection to 'ws://localhost:5173/' failed: Error during WebSocket handshake: Unexpected response code: 404 @ http://localhost:5173/@vite/client:1034
[ 2168245ms] [ERROR] WebSocket connection to 'ws://localhost:5173/' failed: Error during WebSocket handshake: Unexpected response code: 404 @ http://localhost:5173/@vite/client:1034
[ 2172180ms] [ERROR] WebSocket connection to 'ws://localhost:5173/' failed: Error during WebSocket handshake: Unexpected response code: 404 @ http://localhost:5173/@vite/client:1034
[ 2175040ms] [ERROR] WebSocket connection to 'ws://localhost:5173/' failed: Error during WebSocket handshake: Unexpected response code: 404 @ http://localhost:5173/@vite/client:1034
[ 2179172ms] [ERROR] WebSocket connection to 'ws://localhost:5173/' failed: Error during WebSocket handshake: Unexpected response code: 404 @ http://localhost:5173/@vite/client:1034
[ 2182992ms] [ERROR] WebSocket connection to 'ws://localhost:5173/' failed: Error during WebSocket handshake: Unexpected response code: 404 @ http://localhost:5173/@vite/client:1034
[ 2188847ms] [ERROR] WebSocket connection to 'ws://localhost:5173/' failed: Error during WebSocket handshake: Unexpected response code: 404 @ http://localhost:5173/@vite/client:1034
[ 2194438ms] [ERROR] WebSocket connection to 'ws://localhost:5173/' failed: Error during WebSocket handshake: Unexpected response code: 404 @ http://localhost:5173/@vite/client:1034
[ 2199053ms] [ERROR] WebSocket connection to 'ws://localhost:5173/' failed: Error during WebSocket handshake: Unexpected response code: 404 @ http://localhost:5173/@vite/client:1034
[ 2204627ms] [ERROR] WebSocket connection to 'ws://localhost:5173/' failed: Error during WebSocket handshake: Unexpected response code: 404 @ http://localhost:5173/@vite/client:1034
[ 2206738ms] [ERROR] WebSocket connection to 'ws://localhost:5173/' failed: Error during WebSocket handshake: Unexpected response code: 404 @ http://localhost:5173/@vite/client:1034
[ 2209998ms] [ERROR] WebSocket connection to 'ws://localhost:5173/' failed: Error during WebSocket handshake: Unexpected response code: 404 @ http://localhost:5173/@vite/client:1034
[ 2214969ms] [ERROR] WebSocket connection to 'ws://localhost:5173/' failed: Error during WebSocket handshake: Unexpected response code: 404 @ http://localhost:5173/@vite/client:1034
[ 2218410ms] [ERROR] WebSocket connection to 'ws://localhost:5173/' failed: Error during WebSocket handshake: Unexpected response code: 404 @ http://localhost:5173/@vite/client:1034
[ 2221460ms] [ERROR] WebSocket connection to 'ws://localhost:5173/' failed: Error during WebSocket handshake: Unexpected response code: 404 @ http://localhost:5173/@vite/client:1034
[ 2225602ms] [ERROR] WebSocket connection to 'ws://localhost:5173/' failed: Error during WebSocket handshake: Unexpected response code: 404 @ http://localhost:5173/@vite/client:1034
[ 2228097ms] [ERROR] WebSocket connection to 'ws://localhost:5173/' failed: Error during WebSocket handshake: Unexpected response code: 404 @ http://localhost:5173/@vite/client:1034
[ 2230960ms] [ERROR] WebSocket connection to 'ws://localhost:5173/' failed: Error during WebSocket handshake: Unexpected response code: 404 @ http://localhost:5173/@vite/client:1034
[ 2233015ms] [ERROR] WebSocket connection to 'ws://localhost:5173/' failed: Error during WebSocket handshake: Unexpected response code: 404 @ http://localhost:5173/@vite/client:1034
[ 2236745ms] [ERROR] WebSocket connection to 'ws://localhost:5173/' failed: Error during WebSocket handshake: Unexpected response code: 404 @ http://localhost:5173/@vite/client:1034
[ 2239141ms] [ERROR] WebSocket connection to 'ws://localhost:5173/' failed: Error during WebSocket handshake: Unexpected response code: 404 @ http://localhost:5173/@vite/client:1034
[ 2241691ms] [ERROR] WebSocket connection to 'ws://localhost:5173/' failed: Error during WebSocket handshake: Unexpected response code: 404 @ http://localhost:5173/@vite/client:1034
[ 2245736ms] [ERROR] WebSocket connection to 'ws://localhost:5173/' failed: Error during WebSocket handshake: Unexpected response code: 404 @ http://localhost:5173/@vite/client:1034
[ 2248266ms] [ERROR] WebSocket connection to 'ws://localhost:5173/' failed: Error during WebSocket handshake: Unexpected response code: 404 @ http://localhost:5173/@vite/client:1034
[ 2251532ms] [ERROR] WebSocket connection to 'ws://localhost:5173/' failed: Error during WebSocket handshake: Unexpected response code: 404 @ http://localhost:5173/@vite/client:1034
[ 2256640ms] [ERROR] WebSocket connection to 'ws://localhost:5173/' failed: Error during WebSocket handshake: Unexpected response code: 404 @ http://localhost:5173/@vite/client:1034
[ 2262629ms] [ERROR] WebSocket connection to 'ws://localhost:5173/' failed: Error during WebSocket handshake: Unexpected response code: 404 @ http://localhost:5173/@vite/client:1034
[ 2268560ms] [ERROR] WebSocket connection to 'ws://localhost:5173/' failed: Error during WebSocket handshake: Unexpected response code: 404 @ http://localhost:5173/@vite/client:1034
[ 2274181ms] [ERROR] WebSocket connection to 'ws://localhost:5173/' failed: Error during WebSocket handshake: Unexpected response code: 404 @ http://localhost:5173/@vite/client:1034
[ 2279583ms] [ERROR] WebSocket connection to 'ws://localhost:5173/' failed: Error during WebSocket handshake: Unexpected response code: 404 @ http://localhost:5173/@vite/client:1034
[ 2285139ms] [ERROR] WebSocket connection to 'ws://localhost:5173/' failed: Error during WebSocket handshake: Unexpected response code: 404 @ http://localhost:5173/@vite/client:1034
[ 2289958ms] [ERROR] WebSocket connection to 'ws://localhost:5173/' failed: Error during WebSocket handshake: Unexpected response code: 404 @ http://localhost:5173/@vite/client:1034
[ 2295721ms] [ERROR] WebSocket connection to 'ws://localhost:5173/' failed: Error during WebSocket handshake: Unexpected response code: 404 @ http://localhost:5173/@vite/client:1034
[ 2300406ms] [ERROR] WebSocket connection to 'ws://localhost:5173/' failed: Error during WebSocket handshake: Unexpected response code: 404 @ http://localhost:5173/@vite/client:1034
[ 2303707ms] [ERROR] WebSocket connection to 'ws://localhost:5173/' failed: Error during WebSocket handshake: Unexpected response code: 404 @ http://localhost:5173/@vite/client:1034
[ 2306688ms] [ERROR] WebSocket connection to 'ws://localhost:5173/' failed: Error during WebSocket handshake: Unexpected response code: 404 @ http://localhost:5173/@vite/client:1034
[ 2310973ms] [ERROR] WebSocket connection to 'ws://localhost:5173/' failed: Error during WebSocket handshake: Unexpected response code: 404 @ http://localhost:5173/@vite/client:1034
[ 2313916ms] [ERROR] WebSocket connection to 'ws://localhost:5173/' failed: Error during WebSocket handshake: Unexpected response code: 404 @ http://localhost:5173/@vite/client:1034
[ 2317330ms] [ERROR] WebSocket connection to 'ws://localhost:5173/' failed: Error during WebSocket handshake: Unexpected response code: 404 @ http://localhost:5173/@vite/client:1034
[ 2322324ms] [ERROR] WebSocket connection to 'ws://localhost:5173/' failed: Error during WebSocket handshake: Unexpected response code: 404 @ http://localhost:5173/@vite/client:1034
[ 2327154ms] [ERROR] WebSocket connection to 'ws://localhost:5173/' failed: Error during WebSocket handshake: Unexpected response code: 404 @ http://localhost:5173/@vite/client:1034
[ 2332543ms] [ERROR] WebSocket connection to 'ws://localhost:5173/' failed: Error during WebSocket handshake: Unexpected response code: 404 @ http://localhost:5173/@vite/client:1034
[ 2335696ms] [ERROR] WebSocket connection to 'ws://localhost:5173/' failed: Error during WebSocket handshake: Unexpected response code: 404 @ http://localhost:5173/@vite/client:1034
[ 2339498ms] [ERROR] WebSocket connection to 'ws://localhost:5173/' failed: Error during WebSocket handshake: Unexpected response code: 404 @ http://localhost:5173/@vite/client:1034
[ 2344304ms] [ERROR] WebSocket connection to 'ws://localhost:5173/' failed: Error during WebSocket handshake: Unexpected response code: 404 @ http://localhost:5173/@vite/client:1034
[ 2348055ms] [ERROR] WebSocket connection to 'ws://localhost:5173/' failed: Error during WebSocket handshake: Unexpected response code: 404 @ http://localhost:5173/@vite/client:1034
[ 2353427ms] [ERROR] WebSocket connection to 'ws://localhost:5173/' failed: Error during WebSocket handshake: Unexpected response code: 404 @ http://localhost:5173/@vite/client:1034
[ 2355802ms] [ERROR] WebSocket connection to 'ws://localhost:5173/' failed: Error during WebSocket handshake: Unexpected response code: 404 @ http://localhost:5173/@vite/client:1034
[ 2361067ms] [ERROR] WebSocket connection to 'ws://localhost:5173/' failed: Error during WebSocket handshake: Unexpected response code: 404 @ http://localhost:5173/@vite/client:1034
[ 2364857ms] [ERROR] WebSocket connection to 'ws://localhost:5173/' failed: Error during WebSocket handshake: Unexpected response code: 404 @ http://localhost:5173/@vite/client:1034
[ 2369364ms] [ERROR] WebSocket connection to 'ws://localhost:5173/' failed: Error during WebSocket handshake: Unexpected response code: 404 @ http://localhost:5173/@vite/client:1034
[ 2375065ms] [ERROR] WebSocket connection to 'ws://localhost:5173/' failed: Error during WebSocket handshake: Unexpected response code: 404 @ http://localhost:5173/@vite/client:1034
[ 2379981ms] [ERROR] WebSocket connection to 'ws://localhost:5173/' failed: Error during WebSocket handshake: Unexpected response code: 404 @ http://localhost:5173/@vite/client:1034
[ 2383871ms] [ERROR] WebSocket connection to 'ws://localhost:5173/' failed: Error during WebSocket handshake: Unexpected response code: 404 @ http://localhost:5173/@vite/client:1034
[ 2387748ms] [ERROR] WebSocket connection to 'ws://localhost:5173/' failed: Error during WebSocket handshake: Unexpected response code: 404 @ http://localhost:5173/@vite/client:1034
[ 2393266ms] [ERROR] WebSocket connection to 'ws://localhost:5173/' failed: Error during WebSocket handshake: Unexpected response code: 404 @ http://localhost:5173/@vite/client:1034
[ 2398130ms] [ERROR] WebSocket connection to 'ws://localhost:5173/' failed: Error during WebSocket handshake: Unexpected response code: 404 @ http://localhost:5173/@vite/client:1034
[ 2401311ms] [ERROR] WebSocket connection to 'ws://localhost:5173/' failed: Error during WebSocket handshake: Unexpected response code: 404 @ http://localhost:5173/@vite/client:1034
[ 2406872ms] [ERROR] WebSocket connection to 'ws://localhost:5173/' failed: Error during WebSocket handshake: Unexpected response code: 404 @ http://localhost:5173/@vite/client:1034
[ 2410700ms] [ERROR] WebSocket connection to 'ws://localhost:5173/' failed: Error during WebSocket handshake: Unexpected response code: 404 @ http://localhost:5173/@vite/client:1034
[ 2415345ms] [ERROR] WebSocket connection to 'ws://localhost:5173/' failed: Error during WebSocket handshake: Unexpected response code: 404 @ http://localhost:5173/@vite/client:1034
[ 2419757ms] [ERROR] WebSocket connection to 'ws://localhost:5173/' failed: Error during WebSocket handshake: Unexpected response code: 404 @ http://localhost:5173/@vite/client:1034
[ 2423484ms] [ERROR] WebSocket connection to 'ws://localhost:5173/' failed: Error during WebSocket handshake: Unexpected response code: 404 @ http://localhost:5173/@vite/client:1034
[ 2428233ms] [ERROR] WebSocket connection to 'ws://localhost:5173/' failed: Error during WebSocket handshake: Unexpected response code: 404 @ http://localhost:5173/@vite/client:1034
[ 2432055ms] [ERROR] WebSocket connection to 'ws://localhost:5173/' failed: Error during WebSocket handshake: Unexpected response code: 404 @ http://localhost:5173/@vite/client:1034
[ 2436063ms] [ERROR] WebSocket connection to 'ws://localhost:5173/' failed: Error during WebSocket handshake: Unexpected response code: 404 @ http://localhost:5173/@vite/client:1034
[ 2440969ms] [ERROR] WebSocket connection to 'ws://localhost:5173/' failed: Error during WebSocket handshake: Unexpected response code: 404 @ http://localhost:5173/@vite/client:1034
[ 2445456ms] [ERROR] WebSocket connection to 'ws://localhost:5173/' failed: Error during WebSocket handshake: Unexpected response code: 404 @ http://localhost:5173/@vite/client:1034
[ 2450210ms] [ERROR] WebSocket connection to 'ws://localhost:5173/' failed: Error during WebSocket handshake: Unexpected response code: 404 @ http://localhost:5173/@vite/client:1034
[ 2453878ms] [ERROR] WebSocket connection to 'ws://localhost:5173/' failed: Error during WebSocket handshake: Unexpected response code: 404 @ http://localhost:5173/@vite/client:1034
[ 2458431ms] [ERROR] WebSocket connection to 'ws://localhost:5173/' failed: Error during WebSocket handshake: Unexpected response code: 404 @ http://localhost:5173/@vite/client:1034
[ 2463969ms] [ERROR] WebSocket connection to 'ws://localhost:5173/' failed: Error during WebSocket handshake: Unexpected response code: 404 @ http://localhost:5173/@vite/client:1034
[ 2469294ms] [ERROR] WebSocket connection to 'ws://localhost:5173/' failed: Error during WebSocket handshake: Unexpected response code: 404 @ http://localhost:5173/@vite/client:1034
[ 2474603ms] [ERROR] WebSocket connection to 'ws://localhost:5173/' failed: Error during WebSocket handshake: Unexpected response code: 404 @ http://localhost:5173/@vite/client:1034
[ 2479110ms] [ERROR] WebSocket connection to 'ws://localhost:5173/' failed: Error during WebSocket handshake: Unexpected response code: 404 @ http://localhost:5173/@vite/client:1034
[ 2484083ms] [ERROR] WebSocket connection to 'ws://localhost:5173/' failed: Error during WebSocket handshake: Unexpected response code: 404 @ http://localhost:5173/@vite/client:1034
[ 2486684ms] [ERROR] WebSocket connection to 'ws://localhost:5173/' failed: Error during WebSocket handshake: Unexpected response code: 404 @ http://localhost:5173/@vite/client:1034
[ 2490926ms] [ERROR] WebSocket connection to 'ws://localhost:5173/' failed: Error during WebSocket handshake: Unexpected response code: 404 @ http://localhost:5173/@vite/client:1034
[ 2494543ms] [ERROR] WebSocket connection to 'ws://localhost:5173/' failed: Error during WebSocket handshake: Unexpected response code: 404 @ http://localhost:5173/@vite/client:1034
[ 2498489ms] [ERROR] WebSocket connection to 'ws://localhost:5173/' failed: Error during WebSocket handshake: Unexpected response code: 404 @ http://localhost:5173/@vite/client:1034
[ 2504473ms] [ERROR] WebSocket connection to 'ws://localhost:5173/' failed: Error during WebSocket handshake: Unexpected response code: 404 @ http://localhost:5173/@vite/client:1034
[ 2509960ms] [ERROR] WebSocket connection to 'ws://localhost:5173/' failed: Error during WebSocket handshake: Unexpected response code: 404 @ http://localhost:5173/@vite/client:1034
[ 2512548ms] [ERROR] WebSocket connection to 'ws://localhost:5173/' failed: Error during WebSocket handshake: Unexpected response code: 404 @ http://localhost:5173/@vite/client:1034
[ 2515277ms] [ERROR] WebSocket connection to 'ws://localhost:5173/' failed: Error during WebSocket handshake: Unexpected response code: 404 @ http://localhost:5173/@vite/client:1034
[ 2519017ms] [ERROR] WebSocket connection to 'ws://localhost:5173/' failed: Error during WebSocket handshake: Unexpected response code: 404 @ http://localhost:5173/@vite/client:1034
[ 2521034ms] [ERROR] WebSocket connection to 'ws://localhost:5173/' failed: Error during WebSocket handshake: Unexpected response code: 404 @ http://localhost:5173/@vite/client:1034
[ 2525371ms] [ERROR] WebSocket connection to 'ws://localhost:5173/' failed: Error during WebSocket handshake: Unexpected response code: 404 @ http://localhost:5173/@vite/client:1034
[ 2527610ms] [ERROR] WebSocket connection to 'ws://localhost:5173/' failed: Error during WebSocket handshake: Unexpected response code: 404 @ http://localhost:5173/@vite/client:1034
[ 2532090ms] [ERROR] WebSocket connection to 'ws://localhost:5173/' failed: Error during WebSocket handshake: Unexpected response code: 404 @ http://localhost:5173/@vite/client:1034
[ 2535842ms] [ERROR] WebSocket connection to 'ws://localhost:5173/' failed: Error during WebSocket handshake: Unexpected response code: 404 @ http://localhost:5173/@vite/client:1034
[ 2538784ms] [ERROR] WebSocket connection to 'ws://localhost:5173/' failed: Error during WebSocket handshake: Unexpected response code: 404 @ http://localhost:5173/@vite/client:1034
[ 2541577ms] [ERROR] WebSocket connection to 'ws://localhost:5173/' failed: Error during WebSocket handshake: Unexpected response code: 404 @ http://localhost:5173/@vite/client:1034
[ 2544884ms] [ERROR] WebSocket connection to 'ws://localhost:5173/' failed: Error during WebSocket handshake: Unexpected response code: 404 @ http://localhost:5173/@vite/client:1034
[ 2547285ms] [ERROR] WebSocket connection to 'ws://localhost:5173/' failed: Error during WebSocket handshake: Unexpected response code: 404 @ http://localhost:5173/@vite/client:1034
[ 2551695ms] [ERROR] WebSocket connection to 'ws://localhost:5173/' failed: Error during WebSocket handshake: Unexpected response code: 404 @ http://localhost:5173/@vite/client:1034
[ 2556056ms] [ERROR] WebSocket connection to 'ws://localhost:5173/' failed: Error during WebSocket handshake: Unexpected response code: 404 @ http://localhost:5173/@vite/client:1034
[ 2560282ms] [ERROR] WebSocket connection to 'ws://localhost:5173/' failed: Error during WebSocket handshake: Unexpected response code: 404 @ http://localhost:5173/@vite/client:1034
[ 2564914ms] [ERROR] WebSocket connection to 'ws://localhost:5173/' failed: Error during WebSocket handshake: Unexpected response code: 404 @ http://localhost:5173/@vite/client:1034
[ 2567760ms] [ERROR] WebSocket connection to 'ws://localhost:5173/' failed: Error during WebSocket handshake: Unexpected response code: 404 @ http://localhost:5173/@vite/client:1034
[ 2573610ms] [ERROR] WebSocket connection to 'ws://localhost:5173/' failed: Error during WebSocket handshake: Unexpected response code: 404 @ http://localhost:5173/@vite/client:1034
[ 2577202ms] [ERROR] WebSocket connection to 'ws://localhost:5173/' failed: Error during WebSocket handshake: Unexpected response code: 404 @ http://localhost:5173/@vite/client:1034
[ 2581401ms] [ERROR] WebSocket connection to 'ws://localhost:5173/' failed: Error during WebSocket handshake: Unexpected response code: 404 @ http://localhost:5173/@vite/client:1034
[ 2585104ms] [ERROR] WebSocket connection to 'ws://localhost:5173/' failed: Error during WebSocket handshake: Unexpected response code: 404 @ http://localhost:5173/@vite/client:1034
[ 2590445ms] [ERROR] WebSocket connection to 'ws://localhost:5173/' failed: Error during WebSocket handshake: Unexpected response code: 404 @ http://localhost:5173/@vite/client:1034
[ 2593255ms] [ERROR] WebSocket connection to 'ws://localhost:5173/' failed: Error during WebSocket handshake: Unexpected response code: 404 @ http://localhost:5173/@vite/client:1034
[ 2598824ms] [ERROR] WebSocket connection to 'ws://localhost:5173/' failed: Error during WebSocket handshake: Unexpected response code: 404 @ http://localhost:5173/@vite/client:1034
[ 2603839ms] [ERROR] WebSocket connection to 'ws://localhost:5173/' failed: Error during WebSocket handshake: Unexpected response code: 404 @ http://localhost:5173/@vite/client:1034
[ 2607578ms] [ERROR] WebSocket connection to 'ws://localhost:5173/' failed: Error during WebSocket handshake: Unexpected response code: 404 @ http://localhost:5173/@vite/client:1034
[ 2611158ms] [ERROR] WebSocket connection to 'ws://localhost:5173/' failed: Error during WebSocket handshake: Unexpected response code: 404 @ http://localhost:5173/@vite/client:1034
[ 2613706ms] [ERROR] WebSocket connection to 'ws://localhost:5173/' failed: Error during WebSocket handshake: Unexpected response code: 404 @ http://localhost:5173/@vite/client:1034
[ 2615868ms] [ERROR] WebSocket connection to 'ws://localhost:5173/' failed: Error during WebSocket handshake: Unexpected response code: 404 @ http://localhost:5173/@vite/client:1034
[ 2621190ms] [ERROR] WebSocket connection to 'ws://localhost:5173/' failed: Error during WebSocket handshake: Unexpected response code: 404 @ http://localhost:5173/@vite/client:1034
[ 2624010ms] [ERROR] WebSocket connection to 'ws://localhost:5173/' failed: Error during WebSocket handshake: Unexpected response code: 404 @ http://localhost:5173/@vite/client:1034
[ 2626739ms] [ERROR] WebSocket connection to 'ws://localhost:5173/' failed: Error during WebSocket handshake: Unexpected response code: 404 @ http://localhost:5173/@vite/client:1034
[ 2631960ms] [ERROR] WebSocket connection to 'ws://localhost:5173/' failed: Error during WebSocket handshake: Unexpected response code: 404 @ http://localhost:5173/@vite/client:1034
[ 2634102ms] [ERROR] WebSocket connection to 'ws://localhost:5173/' failed: Error during WebSocket handshake: Unexpected response code: 404 @ http://localhost:5173/@vite/client:1034
[ 2637615ms] [ERROR] WebSocket connection to 'ws://localhost:5173/' failed: Error during WebSocket handshake: Unexpected response code: 404 @ http://localhost:5173/@vite/client:1034
[ 2642992ms] [ERROR] WebSocket connection to 'ws://localhost:5173/' failed: Error during WebSocket handshake: Unexpected response code: 404 @ http://localhost:5173/@vite/client:1034
[ 2645831ms] [ERROR] WebSocket connection to 'ws://localhost:5173/' failed: Error during WebSocket handshake: Unexpected response code: 404 @ http://localhost:5173/@vite/client:1034
[ 2650732ms] [ERROR] WebSocket connection to 'ws://localhost:5173/' failed: Error during WebSocket handshake: Unexpected response code: 404 @ http://localhost:5173/@vite/client:1034
[ 2655903ms] [ERROR] WebSocket connection to 'ws://localhost:5173/' failed: Error during WebSocket handshake: Unexpected response code: 404 @ http://localhost:5173/@vite/client:1034
[ 2659587ms] [ERROR] WebSocket connection to 'ws://localhost:5173/' failed: Error during WebSocket handshake: Unexpected response code: 404 @ http://localhost:5173/@vite/client:1034
[ 2664587ms] [ERROR] WebSocket connection to 'ws://localhost:5173/' failed: Error during WebSocket handshake: Unexpected response code: 404 @ http://localhost:5173/@vite/client:1034
[ 2667196ms] [ERROR] WebSocket connection to 'ws://localhost:5173/' failed: Error during WebSocket handshake: Unexpected response code: 404 @ http://localhost:5173/@vite/client:1034
[ 2669700ms] [ERROR] WebSocket connection to 'ws://localhost:5173/' failed: Error during WebSocket handshake: Unexpected response code: 404 @ http://localhost:5173/@vite/client:1034
[ 2675403ms] [ERROR] WebSocket connection to 'ws://localhost:5173/' failed: Error during WebSocket handshake: Unexpected response code: 404 @ http://localhost:5173/@vite/client:1034
[ 2680394ms] [ERROR] WebSocket connection to 'ws://localhost:5173/' failed: Error during WebSocket handshake: Unexpected response code: 404 @ http://localhost:5173/@vite/client:1034
[ 2682723ms] [ERROR] WebSocket connection to 'ws://localhost:5173/' failed: Error during WebSocket handshake: Unexpected response code: 404 @ http://localhost:5173/@vite/client:1034
[ 2685902ms] [ERROR] WebSocket connection to 'ws://localhost:5173/' failed: Error during WebSocket handshake: Unexpected response code: 404 @ http://localhost:5173/@vite/client:1034
[ 2689807ms] [ERROR] WebSocket connection to 'ws://localhost:5173/' failed: Error during WebSocket handshake: Unexpected response code: 404 @ http://localhost:5173/@vite/client:1034
[ 2694942ms] [ERROR] WebSocket connection to 'ws://localhost:5173/' failed: Error during WebSocket handshake: Unexpected response code: 404 @ http://localhost:5173/@vite/client:1034
[ 2697428ms] [ERROR] WebSocket connection to 'ws://localhost:5173/' failed: Error during WebSocket handshake: Unexpected response code: 404 @ http://localhost:5173/@vite/client:1034
[ 2701094ms] [ERROR] WebSocket connection to 'ws://localhost:5173/' failed: Error during WebSocket handshake: Unexpected response code: 404 @ http://localhost:5173/@vite/client:1034
[ 2706279ms] [ERROR] WebSocket connection to 'ws://localhost:5173/' failed: Error during WebSocket handshake: Unexpected response code: 404 @ http://localhost:5173/@vite/client:1034
[ 2710960ms] [ERROR] WebSocket connection to 'ws://localhost:5173/' failed: Error during WebSocket handshake: Unexpected response code: 404 @ http://localhost:5173/@vite/client:1034
[ 2713260ms] [ERROR] WebSocket connection to 'ws://localhost:5173/' failed: Error during WebSocket handshake: Unexpected response code: 404 @ http://localhost:5173/@vite/client:1034
[ 2718593ms] [ERROR] WebSocket connection to 'ws://localhost:5173/' failed: Error during WebSocket handshake: Unexpected response code: 404 @ http://localhost:5173/@vite/client:1034
[ 2721832ms] [ERROR] WebSocket connection to 'ws://localhost:5173/' failed: Error during WebSocket handshake: Unexpected response code: 404 @ http://localhost:5173/@vite/client:1034
[ 2724044ms] [ERROR] WebSocket connection to 'ws://localhost:5173/' failed: Error during WebSocket handshake: Unexpected response code: 404 @ http://localhost:5173/@vite/client:1034
[ 2728465ms] [ERROR] WebSocket connection to 'ws://localhost:5173/' failed: Error during WebSocket handshake: Unexpected response code: 404 @ http://localhost:5173/@vite/client:1034
[ 2731774ms] [ERROR] WebSocket connection to 'ws://localhost:5173/' failed: Error during WebSocket handshake: Unexpected response code: 404 @ http://localhost:5173/@vite/client:1034
[ 2735498ms] [ERROR] WebSocket connection to 'ws://localhost:5173/' failed: Error during WebSocket handshake: Unexpected response code: 404 @ http://localhost:5173/@vite/client:1034
[ 2740437ms] [ERROR] WebSocket connection to 'ws://localhost:5173/' failed: Error during WebSocket handshake: Unexpected response code: 404 @ http://localhost:5173/@vite/client:1034
[ 2746180ms] [ERROR] WebSocket connection to 'ws://localhost:5173/' failed: Error during WebSocket handshake: Unexpected response code: 404 @ http://localhost:5173/@vite/client:1034
[ 2748959ms] [ERROR] WebSocket connection to 'ws://localhost:5173/' failed: Error during WebSocket handshake: Unexpected response code: 404 @ http://localhost:5173/@vite/client:1034
[ 2754000ms] [ERROR] WebSocket connection to 'ws://localhost:5173/' failed: Error during WebSocket handshake: Unexpected response code: 404 @ http://localhost:5173/@vite/client:1034
[ 2759892ms] [ERROR] WebSocket connection to 'ws://localhost:5173/' failed: Error during WebSocket handshake: Unexpected response code: 404 @ http://localhost:5173/@vite/client:1034
[ 2764216ms] [ERROR] WebSocket connection to 'ws://localhost:5173/' failed: Error during WebSocket handshake: Unexpected response code: 404 @ http://localhost:5173/@vite/client:1034
[ 2769619ms] [ERROR] WebSocket connection to 'ws://localhost:5173/' failed: Error during WebSocket handshake: Unexpected response code: 404 @ http://localhost:5173/@vite/client:1034
[ 2771784ms] [ERROR] WebSocket connection to 'ws://localhost:5173/' failed: Error during WebSocket handshake: Unexpected response code: 404 @ http://localhost:5173/@vite/client:1034
[ 2776272ms] [ERROR] WebSocket connection to 'ws://localhost:5173/' failed: Error during WebSocket handshake: Unexpected response code: 404 @ http://localhost:5173/@vite/client:1034
[ 2778784ms] [ERROR] WebSocket connection to 'ws://localhost:5173/' failed: Error during WebSocket handshake: Unexpected response code: 404 @ http://localhost:5173/@vite/client:1034
[ 2781212ms] [ERROR] WebSocket connection to 'ws://localhost:5173/' failed: Error during WebSocket handshake: Unexpected response code: 404 @ http://localhost:5173/@vite/client:1034
[ 2783752ms] [ERROR] WebSocket connection to 'ws://localhost:5173/' failed: Error during WebSocket handshake: Unexpected response code: 404 @ http://localhost:5173/@vite/client:1034
[ 2786890ms] [ERROR] WebSocket connection to 'ws://localhost:5173/' failed: Error during WebSocket handshake: Unexpected response code: 404 @ http://localhost:5173/@vite/client:1034
[ 2791439ms] [ERROR] WebSocket connection to 'ws://localhost:5173/' failed: Error during WebSocket handshake: Unexpected response code: 404 @ http://localhost:5173/@vite/client:1034
[ 2793952ms] [ERROR] WebSocket connection to 'ws://localhost:5173/' failed: Error during WebSocket handshake: Unexpected response code: 404 @ http://localhost:5173/@vite/client:1034
[ 2797443ms] [ERROR] WebSocket connection to 'ws://localhost:5173/' failed: Error during WebSocket handshake: Unexpected response code: 404 @ http://localhost:5173/@vite/client:1034
[ 2800006ms] [ERROR] WebSocket connection to 'ws://localhost:5173/' failed: Error during WebSocket handshake: Unexpected response code: 404 @ http://localhost:5173/@vite/client:1034
[ 2804892ms] [ERROR] WebSocket connection to 'ws://localhost:5173/' failed: Error during WebSocket handshake: Unexpected response code: 404 @ http://localhost:5173/@vite/client:1034
[ 2810120ms] [ERROR] WebSocket connection to 'ws://localhost:5173/' failed: Error during WebSocket handshake: Unexpected response code: 404 @ http://localhost:5173/@vite/client:1034
[ 2814184ms] [ERROR] WebSocket connection to 'ws://localhost:5173/' failed: Error during WebSocket handshake: Unexpected response code: 404 @ http://localhost:5173/@vite/client:1034
[ 2817190ms] [ERROR] WebSocket connection to 'ws://localhost:5173/' failed: Error during WebSocket handshake: Unexpected response code: 404 @ http://localhost:5173/@vite/client:1034
[ 2819313ms] [ERROR] WebSocket connection to 'ws://localhost:5173/' failed: Error during WebSocket handshake: Unexpected response code: 404 @ http://localhost:5173/@vite/client:1034
[ 2824643ms] [ERROR] WebSocket connection to 'ws://localhost:5173/' failed: Error during WebSocket handshake: Unexpected response code: 404 @ http://localhost:5173/@vite/client:1034
[ 2827296ms] [ERROR] WebSocket connection to 'ws://localhost:5173/' failed: Error during WebSocket handshake: Unexpected response code: 404 @ http://localhost:5173/@vite/client:1034
[ 2832502ms] [ERROR] WebSocket connection to 'ws://localhost:5173/' failed: Error during WebSocket handshake: Unexpected response code: 404 @ http://localhost:5173/@vite/client:1034
[ 2837655ms] [ERROR] WebSocket connection to 'ws://localhost:5173/' failed: Error during WebSocket handshake: Unexpected response code: 404 @ http://localhost:5173/@vite/client:1034
[ 2842200ms] [ERROR] WebSocket connection to 'ws://localhost:5173/' failed: Error during WebSocket handshake: Unexpected response code: 404 @ http://localhost:5173/@vite/client:1034
[ 2845134ms] [ERROR] WebSocket connection to 'ws://localhost:5173/' failed: Error during WebSocket handshake: Unexpected response code: 404 @ http://localhost:5173/@vite/client:1034
[ 2849518ms] [ERROR] WebSocket connection to 'ws://localhost:5173/' failed: Error during WebSocket handshake: Unexpected response code: 404 @ http://localhost:5173/@vite/client:1034
[ 2854319ms] [ERROR] WebSocket connection to 'ws://localhost:5173/' failed: Error during WebSocket handshake: Unexpected response code: 404 @ http://localhost:5173/@vite/client:1034
[ 2856656ms] [ERROR] WebSocket connection to 'ws://localhost:5173/' failed: Error during WebSocket handshake: Unexpected response code: 404 @ http://localhost:5173/@vite/client:1034
[ 2861659ms] [ERROR] WebSocket connection to 'ws://localhost:5173/' failed: Error during WebSocket handshake: Unexpected response code: 404 @ http://localhost:5173/@vite/client:1034
[ 2867039ms] [ERROR] WebSocket connection to 'ws://localhost:5173/' failed: Error during WebSocket handshake: Unexpected response code: 404 @ http://localhost:5173/@vite/client:1034
[ 2869402ms] [ERROR] WebSocket connection to 'ws://localhost:5173/' failed: Error during WebSocket handshake: Unexpected response code: 404 @ http://localhost:5173/@vite/client:1034
[ 2874730ms] [ERROR] WebSocket connection to 'ws://localhost:5173/' failed: Error during WebSocket handshake: Unexpected response code: 404 @ http://localhost:5173/@vite/client:1034
[ 2879694ms] [ERROR] WebSocket connection to 'ws://localhost:5173/' failed: Error during WebSocket handshake: Unexpected response code: 404 @ http://localhost:5173/@vite/client:1034
[ 2883637ms] [ERROR] WebSocket connection to 'ws://localhost:5173/' failed: Error during WebSocket handshake: Unexpected response code: 404 @ http://localhost:5173/@vite/client:1034
[ 2888553ms] [ERROR] WebSocket connection to 'ws://localhost:5173/' failed: Error during WebSocket handshake: Unexpected response code: 404 @ http://localhost:5173/@vite/client:1034
[ 2891889ms] [ERROR] WebSocket connection to 'ws://localhost:5173/' failed: Error during WebSocket handshake: Unexpected response code: 404 @ http://localhost:5173/@vite/client:1034
[ 2896791ms] [ERROR] WebSocket connection to 'ws://localhost:5173/' failed: Error during WebSocket handshake: Unexpected response code: 404 @ http://localhost:5173/@vite/client:1034
[ 2899218ms] [ERROR] WebSocket connection to 'ws://localhost:5173/' failed: Error during WebSocket handshake: Unexpected response code: 404 @ http://localhost:5173/@vite/client:1034
[ 2904910ms] [ERROR] WebSocket connection to 'ws://localhost:5173/' failed: Error during WebSocket handshake: Unexpected response code: 404 @ http://localhost:5173/@vite/client:1034
[ 2909907ms] [ERROR] WebSocket connection to 'ws://localhost:5173/' failed: Error during WebSocket handshake: Unexpected response code: 404 @ http://localhost:5173/@vite/client:1034
[ 2913670ms] [ERROR] WebSocket connection to 'ws://localhost:5173/' failed: Error during WebSocket handshake: Unexpected response code: 404 @ http://localhost:5173/@vite/client:1034
[ 2917018ms] [ERROR] WebSocket connection to 'ws://localhost:5173/' failed: Error during WebSocket handshake: Unexpected response code: 404 @ http://localhost:5173/@vite/client:1034
[ 2919885ms] [ERROR] WebSocket connection to 'ws://localhost:5173/' failed: Error during WebSocket handshake: Unexpected response code: 404 @ http://localhost:5173/@vite/client:1034
[ 2924654ms] [ERROR] WebSocket connection to 'ws://localhost:5173/' failed: Error during WebSocket handshake: Unexpected response code: 404 @ http://localhost:5173/@vite/client:1034
[ 2928111ms] [ERROR] WebSocket connection to 'ws://localhost:5173/' failed: Error during WebSocket handshake: Unexpected response code: 404 @ http://localhost:5173/@vite/client:1034
[ 2932303ms] [ERROR] WebSocket connection to 'ws://localhost:5173/' failed: Error during WebSocket handshake: Unexpected response code: 404 @ http://localhost:5173/@vite/client:1034
[ 2937622ms] [ERROR] WebSocket connection to 'ws://localhost:5173/' failed: Error during WebSocket handshake: Unexpected response code: 404 @ http://localhost:5173/@vite/client:1034
[ 2941079ms] [ERROR] WebSocket connection to 'ws://localhost:5173/' failed: Error during WebSocket handshake: Unexpected response code: 404 @ http://localhost:5173/@vite/client:1034
[ 2943964ms] [ERROR] WebSocket connection to 'ws://localhost:5173/' failed: Error during WebSocket handshake: Unexpected response code: 404 @ http://localhost:5173/@vite/client:1034
[ 2949340ms] [ERROR] WebSocket connection to 'ws://localhost:5173/' failed: Error during WebSocket handshake: Unexpected response code: 404 @ http://localhost:5173/@vite/client:1034
[ 2952146ms] [ERROR] WebSocket connection to 'ws://localhost:5173/' failed: Error during WebSocket handshake: Unexpected response code: 404 @ http://localhost:5173/@vite/client:1034
[ 2957038ms] [ERROR] WebSocket connection to 'ws://localhost:5173/' failed: Error during WebSocket handshake: Unexpected response code: 404 @ http://localhost:5173/@vite/client:1034
[ 2960792ms] [ERROR] WebSocket connection to 'ws://localhost:5173/' failed: Error during WebSocket handshake: Unexpected response code: 404 @ http://localhost:5173/@vite/client:1034
[ 2965984ms] [ERROR] WebSocket connection to 'ws://localhost:5173/' failed: Error during WebSocket handshake: Unexpected response code: 404 @ http://localhost:5173/@vite/client:1034
[ 2968954ms] [ERROR] WebSocket connection to 'ws://localhost:5173/' failed: Error during WebSocket handshake: Unexpected response code: 404 @ http://localhost:5173/@vite/client:1034
[ 2971193ms] [ERROR] WebSocket connection to 'ws://localhost:5173/' failed: Error during WebSocket handshake: Unexpected response code: 404 @ http://localhost:5173/@vite/client:1034
[ 2974821ms] [ERROR] WebSocket connection to 'ws://localhost:5173/' failed: Error during WebSocket handshake: Unexpected response code: 404 @ http://localhost:5173/@vite/client:1034
[ 2978514ms] [ERROR] WebSocket connection to 'ws://localhost:5173/' failed: Error during WebSocket handshake: Unexpected response code: 404 @ http://localhost:5173/@vite/client:1034
[ 2981248ms] [ERROR] WebSocket connection to 'ws://localhost:5173/' failed: Error during WebSocket handshake: Unexpected response code: 404 @ http://localhost:5173/@vite/client:1034
[ 2984147ms] [ERROR] WebSocket connection to 'ws://localhost:5173/' failed: Error during WebSocket handshake: Unexpected response code: 404 @ http://localhost:5173/@vite/client:1034
[ 2990089ms] [ERROR] WebSocket connection to 'ws://localhost:5173/' failed: Error during WebSocket handshake: Unexpected response code: 404 @ http://localhost:5173/@vite/client:1034
[ 2993394ms] [ERROR] WebSocket connection to 'ws://localhost:5173/' failed: Error during WebSocket handshake: Unexpected response code: 404 @ http://localhost:5173/@vite/client:1034
[ 2996534ms] [ERROR] WebSocket connection to 'ws://localhost:5173/' failed: Error during WebSocket handshake: Unexpected response code: 404 @ http://localhost:5173/@vite/client:1034
[ 3001472ms] [ERROR] WebSocket connection to 'ws://localhost:5173/' failed: Error during WebSocket handshake: Unexpected response code: 404 @ http://localhost:5173/@vite/client:1034
[ 3004618ms] [ERROR] WebSocket connection to 'ws://localhost:5173/' failed: Error during WebSocket handshake: Unexpected response code: 404 @ http://localhost:5173/@vite/client:1034
[ 3008974ms] [ERROR] WebSocket connection to 'ws://localhost:5173/' failed: Error during WebSocket handshake: Unexpected response code: 404 @ http://localhost:5173/@vite/client:1034
[ 3013141ms] [ERROR] WebSocket connection to 'ws://localhost:5173/' failed: Error during WebSocket handshake: Unexpected response code: 404 @ http://localhost:5173/@vite/client:1034
[ 3017803ms] [ERROR] WebSocket connection to 'ws://localhost:5173/' failed: Error during WebSocket handshake: Unexpected response code: 404 @ http://localhost:5173/@vite/client:1034
[ 3023329ms] [ERROR] WebSocket connection to 'ws://localhost:5173/' failed: Error during WebSocket handshake: Unexpected response code: 404 @ http://localhost:5173/@vite/client:1034
[ 3027298ms] [ERROR] WebSocket connection to 'ws://localhost:5173/' failed: Error during WebSocket handshake: Unexpected response code: 404 @ http://localhost:5173/@vite/client:1034
[ 3031765ms] [ERROR] WebSocket connection to 'ws://localhost:5173/' failed: Error during WebSocket handshake: Unexpected response code: 404 @ http://localhost:5173/@vite/client:1034
[ 3035727ms] [ERROR] WebSocket connection to 'ws://localhost:5173/' failed: Error during WebSocket handshake: Unexpected response code: 404 @ http://localhost:5173/@vite/client:1034
[ 3038495ms] [ERROR] WebSocket connection to 'ws://localhost:5173/' failed: Error during WebSocket handshake: Unexpected response code: 404 @ http://localhost:5173/@vite/client:1034
[ 3043574ms] [ERROR] WebSocket connection to 'ws://localhost:5173/' failed: Error during WebSocket handshake: Unexpected response code: 404 @ http://localhost:5173/@vite/client:1034
[ 3047552ms] [ERROR] WebSocket connection to 'ws://localhost:5173/' failed: Error during WebSocket handshake: Unexpected response code: 404 @ http://localhost:5173/@vite/client:1034
[ 3051659ms] [ERROR] WebSocket connection to 'ws://localhost:5173/' failed: Error during WebSocket handshake: Unexpected response code: 404 @ http://localhost:5173/@vite/client:1034
[ 3054846ms] [ERROR] WebSocket connection to 'ws://localhost:5173/' failed: Error during WebSocket handshake: Unexpected response code: 404 @ http://localhost:5173/@vite/client:1034
[ 3057729ms] [ERROR] WebSocket connection to 'ws://localhost:5173/' failed: Error during WebSocket handshake: Unexpected response code: 404 @ http://localhost:5173/@vite/client:1034
[ 3063671ms] [ERROR] WebSocket connection to 'ws://localhost:5173/' failed: Error during WebSocket handshake: Unexpected response code: 404 @ http://localhost:5173/@vite/client:1034
[ 3065781ms] [ERROR] WebSocket connection to 'ws://localhost:5173/' failed: Error during WebSocket handshake: Unexpected response code: 404 @ http://localhost:5173/@vite/client:1034
[ 3070901ms] [ERROR] WebSocket connection to 'ws://localhost:5173/' failed: Error during WebSocket handshake: Unexpected response code: 404 @ http://localhost:5173/@vite/client:1034
[ 3074065ms] [ERROR] WebSocket connection to 'ws://localhost:5173/' failed: Error during WebSocket handshake: Unexpected response code: 404 @ http://localhost:5173/@vite/client:1034
[ 3078442ms] [ERROR] WebSocket connection to 'ws://localhost:5173/' failed: Error during WebSocket handshake: Unexpected response code: 404 @ http://localhost:5173/@vite/client:1034
[ 3083880ms] [ERROR] WebSocket connection to 'ws://localhost:5173/' failed: Error during WebSocket handshake: Unexpected response code: 404 @ http://localhost:5173/@vite/client:1034
[ 3086016ms] [ERROR] WebSocket connection to 'ws://localhost:5173/' failed: Error during WebSocket handshake: Unexpected response code: 404 @ http://localhost:5173/@vite/client:1034
[ 3091801ms] [ERROR] WebSocket connection to 'ws://localhost:5173/' failed: Error during WebSocket handshake: Unexpected response code: 404 @ http://localhost:5173/@vite/client:1034
[ 3096561ms] [ERROR] WebSocket connection to 'ws://localhost:5173/' failed: Error during WebSocket handshake: Unexpected response code: 404 @ http://localhost:5173/@vite/client:1034
[ 3100577ms] [ERROR] WebSocket connection to 'ws://localhost:5173/' failed: Error during WebSocket handshake: Unexpected response code: 404 @ http://localhost:5173/@vite/client:1034
[ 3104866ms] [ERROR] WebSocket connection to 'ws://localhost:5173/' failed: Error during WebSocket handshake: Unexpected response code: 404 @ http://localhost:5173/@vite/client:1034
[ 3108713ms] [ERROR] WebSocket connection to 'ws://localhost:5173/' failed: Error during WebSocket handshake: Unexpected response code: 404 @ http://localhost:5173/@vite/client:1034
[ 3111204ms] [ERROR] WebSocket connection to 'ws://localhost:5173/' failed: Error during WebSocket handshake: Unexpected response code: 404 @ http://localhost:5173/@vite/client:1034
[ 3115304ms] [ERROR] WebSocket connection to 'ws://localhost:5173/' failed: Error during WebSocket handshake: Unexpected response code: 404 @ http://localhost:5173/@vite/client:1034
[ 3118070ms] [ERROR] WebSocket connection to 'ws://localhost:5173/' failed: Error during WebSocket handshake: Unexpected response code: 404 @ http://localhost:5173/@vite/client:1034
[ 3122231ms] [ERROR] WebSocket connection to 'ws://localhost:5173/' failed: Error during WebSocket handshake: Unexpected response code: 404 @ http://localhost:5173/@vite/client:1034
[ 3125843ms] [ERROR] WebSocket connection to 'ws://localhost:5173/' failed: Error during WebSocket handshake: Unexpected response code: 404 @ http://localhost:5173/@vite/client:1034
[ 3129448ms] [ERROR] WebSocket connection to 'ws://localhost:5173/' failed: Error during WebSocket handshake: Unexpected response code: 404 @ http://localhost:5173/@vite/client:1034
[ 3132924ms] [ERROR] WebSocket connection to 'ws://localhost:5173/' failed: Error during WebSocket handshake: Unexpected response code: 404 @ http://localhost:5173/@vite/client:1034
[ 3138943ms] [ERROR] WebSocket connection to 'ws://localhost:5173/' failed: Error during WebSocket handshake: Unexpected response code: 404 @ http://localhost:5173/@vite/client:1034
[ 3142805ms] [ERROR] WebSocket connection to 'ws://localhost:5173/' failed: Error during WebSocket handshake: Unexpected response code: 404 @ http://localhost:5173/@vite/client:1034
[ 3148398ms] [ERROR] WebSocket connection to 'ws://localhost:5173/' failed: Error during WebSocket handshake: Unexpected response code: 404 @ http://localhost:5173/@vite/client:1034
[ 3154326ms] [ERROR] WebSocket connection to 'ws://localhost:5173/' failed: Error during WebSocket handshake: Unexpected response code: 404 @ http://localhost:5173/@vite/client:1034
[ 3159349ms] [ERROR] WebSocket connection to 'ws://localhost:5173/' failed: Error during WebSocket handshake: Unexpected response code: 404 @ http://localhost:5173/@vite/client:1034
[ 3162436ms] [ERROR] WebSocket connection to 'ws://localhost:5173/' failed: Error during WebSocket handshake: Unexpected response code: 404 @ http://localhost:5173/@vite/client:1034
[ 3166824ms] [ERROR] WebSocket connection to 'ws://localhost:5173/' failed: Error during WebSocket handshake: Unexpected response code: 404 @ http://localhost:5173/@vite/client:1034
[ 3172174ms] [ERROR] WebSocket connection to 'ws://localhost:5173/' failed: Error during WebSocket handshake: Unexpected response code: 404 @ http://localhost:5173/@vite/client:1034
[ 3175413ms] [ERROR] WebSocket connection to 'ws://localhost:5173/' failed: Error during WebSocket handshake: Unexpected response code: 404 @ http://localhost:5173/@vite/client:1034
[ 3177495ms] [ERROR] WebSocket connection to 'ws://localhost:5173/' failed: Error during WebSocket handshake: Unexpected response code: 404 @ http://localhost:5173/@vite/client:1034
[ 3182458ms] [ERROR] WebSocket connection to 'ws://localhost:5173/' failed: Error during WebSocket handshake: Unexpected response code: 404 @ http://localhost:5173/@vite/client:1034
[ 3185633ms] [ERROR] WebSocket connection to 'ws://localhost:5173/' failed: Error during WebSocket handshake: Unexpected response code: 404 @ http://localhost:5173/@vite/client:1034
[ 3189109ms] [ERROR] WebSocket connection to 'ws://localhost:5173/' failed: Error during WebSocket handshake: Unexpected response code: 404 @ http://localhost:5173/@vite/client:1034
[ 3193958ms] [ERROR] WebSocket connection to 'ws://localhost:5173/' failed: Error during WebSocket handshake: Unexpected response code: 404 @ http://localhost:5173/@vite/client:1034
[ 3197247ms] [ERROR] WebSocket connection to 'ws://localhost:5173/' failed: Error during WebSocket handshake: Unexpected response code: 404 @ http://localhost:5173/@vite/client:1034
[ 3199821ms] [ERROR] WebSocket connection to 'ws://localhost:5173/' failed: Error during WebSocket handshake: Unexpected response code: 404 @ http://localhost:5173/@vite/client:1034
[ 3204590ms] [ERROR] WebSocket connection to 'ws://localhost:5173/' failed: Error during WebSocket handshake: Unexpected response code: 404 @ http://localhost:5173/@vite/client:1034
[ 3210011ms] [ERROR] WebSocket connection to 'ws://localhost:5173/' failed: Error during WebSocket handshake: Unexpected response code: 404 @ http://localhost:5173/@vite/client:1034
[ 3214246ms] [ERROR] WebSocket connection to 'ws://localhost:5173/' failed: Error during WebSocket handshake: Unexpected response code: 404 @ http://localhost:5173/@vite/client:1034
[ 3217159ms] [ERROR] WebSocket connection to 'ws://localhost:5173/' failed: Error during WebSocket handshake: Unexpected response code: 404 @ http://localhost:5173/@vite/client:1034
[ 3220785ms] [ERROR] WebSocket connection to 'ws://localhost:5173/' failed: Error during WebSocket handshake: Unexpected response code: 404 @ http://localhost:5173/@vite/client:1034
[ 3226745ms] [ERROR] WebSocket connection to 'ws://localhost:5173/' failed: Error during WebSocket handshake: Unexpected response code: 404 @ http://localhost:5173/@vite/client:1034
[ 3229514ms] [ERROR] WebSocket connection to 'ws://localhost:5173/' failed: Error during WebSocket handshake: Unexpected response code: 404 @ http://localhost:5173/@vite/client:1034
[ 3234692ms] [ERROR] WebSocket connection to 'ws://localhost:5173/' failed: Error during WebSocket handshake: Unexpected response code: 404 @ http://localhost:5173/@vite/client:1034
[ 3237092ms] [ERROR] WebSocket connection to 'ws://localhost:5173/' failed: Error during WebSocket handshake: Unexpected response code: 404 @ http://localhost:5173/@vite/client:1034
[ 3239111ms] [ERROR] WebSocket connection to 'ws://localhost:5173/' failed: Error during WebSocket handshake: Unexpected response code: 404 @ http://localhost:5173/@vite/client:1034
[ 3241859ms] [ERROR] WebSocket connection to 'ws://localhost:5173/' failed: Error during WebSocket handshake: Unexpected response code: 404 @ http://localhost:5173/@vite/client:1034
[ 3245589ms] [ERROR] WebSocket connection to 'ws://localhost:5173/' failed: Error during WebSocket handshake: Unexpected response code: 404 @ http://localhost:5173/@vite/client:1034
[ 3249551ms] [ERROR] WebSocket connection to 'ws://localhost:5173/' failed: Error during WebSocket handshake: Unexpected response code: 404 @ http://localhost:5173/@vite/client:1034
[ 3254320ms] [ERROR] WebSocket connection to 'ws://localhost:5173/' failed: Error during WebSocket handshake: Unexpected response code: 404 @ http://localhost:5173/@vite/client:1034
[ 3258248ms] [ERROR] WebSocket connection to 'ws://localhost:5173/' failed: Error during WebSocket handshake: Unexpected response code: 404 @ http://localhost:5173/@vite/client:1034
[ 3260975ms] [ERROR] WebSocket connection to 'ws://localhost:5173/' failed: Error during WebSocket handshake: Unexpected response code: 404 @ http://localhost:5173/@vite/client:1034
[ 3266023ms] [ERROR] WebSocket connection to 'ws://localhost:5173/' failed: Error during WebSocket handshake: Unexpected response code: 404 @ http://localhost:5173/@vite/client:1034
[ 3269227ms] [ERROR] WebSocket connection to 'ws://localhost:5173/' failed: Error during WebSocket handshake: Unexpected response code: 404 @ http://localhost:5173/@vite/client:1034
[ 3274575ms] [ERROR] WebSocket connection to 'ws://localhost:5173/' failed: Error during WebSocket handshake: Unexpected response code: 404 @ http://localhost:5173/@vite/client:1034
[ 3278100ms] [ERROR] WebSocket connection to 'ws://localhost:5173/' failed: Error during WebSocket handshake: Unexpected response code: 404 @ http://localhost:5173/@vite/client:1034
[ 3282564ms] [ERROR] WebSocket connection to 'ws://localhost:5173/' failed: Error during WebSocket handshake: Unexpected response code: 404 @ http://localhost:5173/@vite/client:1034
[ 3285670ms] [ERROR] WebSocket connection to 'ws://localhost:5173/' failed: Error during WebSocket handshake: Unexpected response code: 404 @ http://localhost:5173/@vite/client:1034
[ 3289284ms] [ERROR] WebSocket connection to 'ws://localhost:5173/' failed: Error during WebSocket handshake: Unexpected response code: 404 @ http://localhost:5173/@vite/client:1034
[ 3292975ms] [ERROR] WebSocket connection to 'ws://localhost:5173/' failed: Error during WebSocket handshake: Unexpected response code: 404 @ http://localhost:5173/@vite/client:1034
[ 3295004ms] [ERROR] WebSocket connection to 'ws://localhost:5173/' failed: Error during WebSocket handshake: Unexpected response code: 404 @ http://localhost:5173/@vite/client:1034
[ 3300270ms] [ERROR] WebSocket connection to 'ws://localhost:5173/' failed: Error during WebSocket handshake: Unexpected response code: 404 @ http://localhost:5173/@vite/client:1034
[ 3303448ms] [ERROR] WebSocket connection to 'ws://localhost:5173/' failed: Error during WebSocket handshake: Unexpected response code: 404 @ http://localhost:5173/@vite/client:1034
[ 3307345ms] [ERROR] WebSocket connection to 'ws://localhost:5173/' failed: Error during WebSocket handshake: Unexpected response code: 404 @ http://localhost:5173/@vite/client:1034
[ 3310703ms] [ERROR] WebSocket connection to 'ws://localhost:5173/' failed: Error during WebSocket handshake: Unexpected response code: 404 @ http://localhost:5173/@vite/client:1034
[ 3313951ms] [ERROR] WebSocket connection to 'ws://localhost:5173/' failed: Error during WebSocket handshake: Unexpected response code: 404 @ http://localhost:5173/@vite/client:1034
[ 3316594ms] [ERROR] WebSocket connection to 'ws://localhost:5173/' failed: Error during WebSocket handshake: Unexpected response code: 404 @ http://localhost:5173/@vite/client:1034
[ 3322378ms] [ERROR] WebSocket connection to 'ws://localhost:5173/' failed: Error during WebSocket handshake: Unexpected response code: 404 @ http://localhost:5173/@vite/client:1034
[ 3325339ms] [ERROR] WebSocket connection to 'ws://localhost:5173/' failed: Error during WebSocket handshake: Unexpected response code: 404 @ http://localhost:5173/@vite/client:1034
[ 3329004ms] [ERROR] WebSocket connection to 'ws://localhost:5173/' failed: Error during WebSocket handshake: Unexpected response code: 404 @ http://localhost:5173/@vite/client:1034
[ 3332695ms] [ERROR] WebSocket connection to 'ws://localhost:5173/' failed: Error during WebSocket handshake: Unexpected response code: 404 @ http://localhost:5173/@vite/client:1034
[ 3338500ms] [ERROR] WebSocket connection to 'ws://localhost:5173/' failed: Error during WebSocket handshake: Unexpected response code: 404 @ http://localhost:5173/@vite/client:1034
[ 3344031ms] [ERROR] WebSocket connection to 'ws://localhost:5173/' failed: Error during WebSocket handshake: Unexpected response code: 404 @ http://localhost:5173/@vite/client:1034
[ 3348224ms] [ERROR] WebSocket connection to 'ws://localhost:5173/' failed: Error during WebSocket handshake: Unexpected response code: 404 @ http://localhost:5173/@vite/client:1034
[ 3352626ms] [ERROR] WebSocket connection to 'ws://localhost:5173/' failed: Error during WebSocket handshake: Unexpected response code: 404 @ http://localhost:5173/@vite/client:1034
[ 3356619ms] [ERROR] WebSocket connection to 'ws://localhost:5173/' failed: Error during WebSocket handshake: Unexpected response code: 404 @ http://localhost:5173/@vite/client:1034
[ 3360990ms] [ERROR] WebSocket connection to 'ws://localhost:5173/' failed: Error during WebSocket handshake: Unexpected response code: 404 @ http://localhost:5173/@vite/client:1034
[ 3366453ms] [ERROR] WebSocket connection to 'ws://localhost:5173/' failed: Error during WebSocket handshake: Unexpected response code: 404 @ http://localhost:5173/@vite/client:1034
[ 3370942ms] [ERROR] WebSocket connection to 'ws://localhost:5173/' failed: Error during WebSocket handshake: Unexpected response code: 404 @ http://localhost:5173/@vite/client:1034
[ 3374192ms] [ERROR] WebSocket connection to 'ws://localhost:5173/' failed: Error during WebSocket handshake: Unexpected response code: 404 @ http://localhost:5173/@vite/client:1034
[ 3376500ms] [ERROR] WebSocket connection to 'ws://localhost:5173/' failed: Error during WebSocket handshake: Unexpected response code: 404 @ http://localhost:5173/@vite/client:1034
[ 3380108ms] [ERROR] WebSocket connection to 'ws://localhost:5173/' failed: Error during WebSocket handshake: Unexpected response code: 404 @ http://localhost:5173/@vite/client:1034
[ 3384312ms] [ERROR] WebSocket connection to 'ws://localhost:5173/' failed: Error during WebSocket handshake: Unexpected response code: 404 @ http://localhost:5173/@vite/client:1034
[ 3390232ms] [ERROR] WebSocket connection to 'ws://localhost:5173/' failed: Error during WebSocket handshake: Unexpected response code: 404 @ http://localhost:5173/@vite/client:1034
[ 3395220ms] [ERROR] WebSocket connection to 'ws://localhost:5173/' failed: Error during WebSocket handshake: Unexpected response code: 404 @ http://localhost:5173/@vite/client:1034
[ 3398242ms] [ERROR] WebSocket connection to 'ws://localhost:5173/' failed: Error during WebSocket handshake: Unexpected response code: 404 @ http://localhost:5173/@vite/client:1034
[ 3401239ms] [ERROR] WebSocket connection to 'ws://localhost:5173/' failed: Error during WebSocket handshake: Unexpected response code: 404 @ http://localhost:5173/@vite/client:1034
[ 3405966ms] [ERROR] WebSocket connection to 'ws://localhost:5173/' failed: Error during WebSocket handshake: Unexpected response code: 404 @ http://localhost:5173/@vite/client:1034
[ 3409852ms] [ERROR] WebSocket connection to 'ws://localhost:5173/' failed: Error during WebSocket handshake: Unexpected response code: 404 @ http://localhost:5173/@vite/client:1034
[ 3414947ms] [ERROR] WebSocket connection to 'ws://localhost:5173/' failed: Error during WebSocket handshake: Unexpected response code: 404 @ http://localhost:5173/@vite/client:1034
[ 3418336ms] [ERROR] WebSocket connection to 'ws://localhost:5173/' failed: Error during WebSocket handshake: Unexpected response code: 404 @ http://localhost:5173/@vite/client:1034
[ 3420833ms] [ERROR] WebSocket connection to 'ws://localhost:5173/' failed: Error during WebSocket handshake: Unexpected response code: 404 @ http://localhost:5173/@vite/client:1034
[ 3424768ms] [ERROR] WebSocket connection to 'ws://localhost:5173/' failed: Error during WebSocket handshake: Unexpected response code: 404 @ http://localhost:5173/@vite/client:1034
[ 3429036ms] [ERROR] WebSocket connection to 'ws://localhost:5173/' failed: Error during WebSocket handshake: Unexpected response code: 404 @ http://localhost:5173/@vite/client:1034
[ 3434717ms] [ERROR] WebSocket connection to 'ws://localhost:5173/' failed: Error during WebSocket handshake: Unexpected response code: 404 @ http://localhost:5173/@vite/client:1034
[ 3437251ms] [ERROR] WebSocket connection to 'ws://localhost:5173/' failed: Error during WebSocket handshake: Unexpected response code: 404 @ http://localhost:5173/@vite/client:1034
[ 3441503ms] [ERROR] WebSocket connection to 'ws://localhost:5173/' failed: Error during WebSocket handshake: Unexpected response code: 404 @ http://localhost:5173/@vite/client:1034
[ 3446736ms] [ERROR] WebSocket connection to 'ws://localhost:5173/' failed: Error during WebSocket handshake: Unexpected response code: 404 @ http://localhost:5173/@vite/client:1034
[ 3452212ms] [ERROR] WebSocket connection to 'ws://localhost:5173/' failed: Error during WebSocket handshake: Unexpected response code: 404 @ http://localhost:5173/@vite/client:1034
[ 3456729ms] [ERROR] WebSocket connection to 'ws://localhost:5173/' failed: Error during WebSocket handshake: Unexpected response code: 404 @ http://localhost:5173/@vite/client:1034
[ 3459061ms] [ERROR] WebSocket connection to 'ws://localhost:5173/' failed: Error during WebSocket handshake: Unexpected response code: 404 @ http://localhost:5173/@vite/client:1034
[ 3464343ms] [ERROR] WebSocket connection to 'ws://localhost:5173/' failed: Error during WebSocket handshake: Unexpected response code: 404 @ http://localhost:5173/@vite/client:1034
[ 3469246ms] [ERROR] WebSocket connection to 'ws://localhost:5173/' failed: Error during WebSocket handshake: Unexpected response code: 404 @ http://localhost:5173/@vite/client:1034
[ 3472932ms] [ERROR] WebSocket connection to 'ws://localhost:5173/' failed: Error during WebSocket handshake: Unexpected response code: 404 @ http://localhost:5173/@vite/client:1034
[ 3478231ms] [ERROR] WebSocket connection to 'ws://localhost:5173/' failed: Error during WebSocket handshake: Unexpected response code: 404 @ http://localhost:5173/@vite/client:1034
[ 3482392ms] [ERROR] WebSocket connection to 'ws://localhost:5173/' failed: Error during WebSocket handshake: Unexpected response code: 404 @ http://localhost:5173/@vite/client:1034
[ 3487765ms] [ERROR] WebSocket connection to 'ws://localhost:5173/' failed: Error during WebSocket handshake: Unexpected response code: 404 @ http://localhost:5173/@vite/client:1034
[ 3493735ms] [ERROR] WebSocket connection to 'ws://localhost:5173/' failed: Error during WebSocket handshake: Unexpected response code: 404 @ http://localhost:5173/@vite/client:1034
[ 3496594ms] [ERROR] WebSocket connection to 'ws://localhost:5173/' failed: Error during WebSocket handshake: Unexpected response code: 404 @ http://localhost:5173/@vite/client:1034
[ 3498723ms] [ERROR] WebSocket connection to 'ws://localhost:5173/' failed: Error during WebSocket handshake: Unexpected response code: 404 @ http://localhost:5173/@vite/client:1034
[ 3504022ms] [ERROR] WebSocket connection to 'ws://localhost:5173/' failed: Error during WebSocket handshake: Unexpected response code: 404 @ http://localhost:5173/@vite/client:1034
[ 3507148ms] [ERROR] WebSocket connection to 'ws://localhost:5173/' failed: Error during WebSocket handshake: Unexpected response code: 404 @ http://localhost:5173/@vite/client:1034
[ 3512139ms] [ERROR] WebSocket connection to 'ws://localhost:5173/' failed: Error during WebSocket handshake: Unexpected response code: 404 @ http://localhost:5173/@vite/client:1034
[ 3517823ms] [ERROR] WebSocket connection to 'ws://localhost:5173/' failed: Error during WebSocket handshake: Unexpected response code: 404 @ http://localhost:5173/@vite/client:1034
[ 3520771ms] [ERROR] WebSocket connection to 'ws://localhost:5173/' failed: Error during WebSocket handshake: Unexpected response code: 404 @ http://localhost:5173/@vite/client:1034
[ 3523380ms] [ERROR] WebSocket connection to 'ws://localhost:5173/' failed: Error during WebSocket handshake: Unexpected response code: 404 @ http://localhost:5173/@vite/client:1034
[ 3526666ms] [ERROR] WebSocket connection to 'ws://localhost:5173/' failed: Error during WebSocket handshake: Unexpected response code: 404 @ http://localhost:5173/@vite/client:1034
[ 3532161ms] [ERROR] WebSocket connection to 'ws://localhost:5173/' failed: Error during WebSocket handshake: Unexpected response code: 404 @ http://localhost:5173/@vite/client:1034
[ 3534446ms] [ERROR] WebSocket connection to 'ws://localhost:5173/' failed: Error during WebSocket handshake: Unexpected response code: 404 @ http://localhost:5173/@vite/client:1034
[ 3538307ms] [ERROR] WebSocket connection to 'ws://localhost:5173/' failed: Error during WebSocket handshake: Unexpected response code: 404 @ http://localhost:5173/@vite/client:1034
[ 3542545ms] [ERROR] WebSocket connection to 'ws://localhost:5173/' failed: Error during WebSocket handshake: Unexpected response code: 404 @ http://localhost:5173/@vite/client:1034
[ 3546262ms] [ERROR] WebSocket connection to 'ws://localhost:5173/' failed: Error during WebSocket handshake: Unexpected response code: 404 @ http://localhost:5173/@vite/client:1034
[ 3549591ms] [ERROR] WebSocket connection to 'ws://localhost:5173/' failed: Error during WebSocket handshake: Unexpected response code: 404 @ http://localhost:5173/@vite/client:1034
[ 3551965ms] [ERROR] WebSocket connection to 'ws://localhost:5173/' failed: Error during WebSocket handshake: Unexpected response code: 404 @ http://localhost:5173/@vite/client:1034
[ 3555747ms] [ERROR] WebSocket connection to 'ws://localhost:5173/' failed: Error during WebSocket handshake: Unexpected response code: 404 @ http://localhost:5173/@vite/client:1034
[ 3561218ms] [ERROR] WebSocket connection to 'ws://localhost:5173/' failed: Error during WebSocket handshake: Unexpected response code: 404 @ http://localhost:5173/@vite/client:1034
[ 3566315ms] [ERROR] WebSocket connection to 'ws://localhost:5173/' failed: Error during WebSocket handshake: Unexpected response code: 404 @ http://localhost:5173/@vite/client:1034
[ 3571778ms] [ERROR] WebSocket connection to 'ws://localhost:5173/' failed: Error during WebSocket handshake: Unexpected response code: 404 @ http://localhost:5173/@vite/client:1034
[ 3574584ms] [ERROR] WebSocket connection to 'ws://localhost:5173/' failed: Error during WebSocket handshake: Unexpected response code: 404 @ http://localhost:5173/@vite/client:1034
[ 3577402ms] [ERROR] WebSocket connection to 'ws://localhost:5173/' failed: Error during WebSocket handshake: Unexpected response code: 404 @ http://localhost:5173/@vite/client:1034
[ 3581993ms] [ERROR] WebSocket connection to 'ws://localhost:5173/' failed: Error during WebSocket handshake: Unexpected response code: 404 @ http://localhost:5173/@vite/client:1034
[ 3584629ms] [ERROR] WebSocket connection to 'ws://localhost:5173/' failed: Error during WebSocket handshake: Unexpected response code: 404 @ http://localhost:5173/@vite/client:1034
[ 3587794ms] [ERROR] WebSocket connection to 'ws://localhost:5173/' failed: Error during WebSocket handshake: Unexpected response code: 404 @ http://localhost:5173/@vite/client:1034
[ 3590242ms] [ERROR] WebSocket connection to 'ws://localhost:5173/' failed: Error during WebSocket handshake: Unexpected response code: 404 @ http://localhost:5173/@vite/client:1034
[ 3595529ms] [ERROR] WebSocket connection to 'ws://localhost:5173/' failed: Error during WebSocket handshake: Unexpected response code: 404 @ http://localhost:5173/@vite/client:1034
[ 3596538ms] [ERROR] WebSocket connection to 'ws://localhost:5173/' failed: Error during WebSocket handshake: Unexpected response code: 404 @ http://localhost:5173/@vite/client:1034
[ 3597544ms] [ERROR] WebSocket connection to 'ws://localhost:5173/' failed: Error during WebSocket handshake: Unexpected response code: 404 @ http://localhost:5173/@vite/client:1034
[ 3598566ms] [ERROR] WebSocket connection to 'ws://localhost:5173/' failed: Error during WebSocket handshake: Unexpected response code: 404 @ http://localhost:5173/@vite/client:1034
[ 3599584ms] [ERROR] WebSocket connection to 'ws://localhost:5173/' failed: Error during WebSocket handshake: Unexpected response code: 404 @ http://localhost:5173/@vite/client:1034
[ 3600596ms] [ERROR] WebSocket connection to 'ws://localhost:5173/' failed: Error during WebSocket handshake: Unexpected response code: 404 @ http://localhost:5173/@vite/client:1034
[ 3601614ms] [ERROR] WebSocket connection to 'ws://localhost:5173/' failed: Error during WebSocket handshake: Unexpected response code: 404 @ http://localhost:5173/@vite/client:1034
[ 3602635ms] [ERROR] WebSocket connection to 'ws://localhost:5173/' failed: Error during WebSocket handshake: Unexpected response code: 404 @ http://localhost:5173/@vite/client:1034
[ 3603668ms] [ERROR] WebSocket connection to 'ws://localhost:5173/' failed: Error during WebSocket handshake: Unexpected response code: 404 @ http://localhost:5173/@vite/client:1034
[ 3604693ms] [ERROR] WebSocket connection to 'ws://localhost:5173/' failed: Error during WebSocket handshake: Unexpected response code: 404 @ http://localhost:5173/@vite/client:1034
[ 3605732ms] [ERROR] WebSocket connection to 'ws://localhost:5173/' failed: Error during WebSocket handshake: Unexpected response code: 404 @ http://localhost:5173/@vite/client:1034
[ 3606804ms] [ERROR] WebSocket connection to 'ws://localhost:5173/' failed: Error during WebSocket handshake: Unexpected response code: 404 @ http://localhost:5173/@vite/client:1034
[ 3608090ms] [ERROR] WebSocket connection to 'ws://localhost:5173/' failed: Error during WebSocket handshake: Unexpected response code: 404 @ http://localhost:5173/@vite/client:1034
[ 3609413ms] [ERROR] WebSocket connection to 'ws://localhost:5173/' failed: Error during WebSocket handshake: Unexpected response code: 404 @ http://localhost:5173/@vite/client:1034
[ 3611325ms] [ERROR] WebSocket connection to 'ws://localhost:5173/' failed: Error during WebSocket handshake: Unexpected response code: 404 @ http://localhost:5173/@vite/client:1034
[ 3614000ms] [ERROR] WebSocket connection to 'ws://localhost:5173/' failed: Error during WebSocket handshake: Unexpected response code: 404 @ http://localhost:5173/@vite/client:1034
[ 3617761ms] [ERROR] WebSocket connection to 'ws://localhost:5173/' failed: Error during WebSocket handshake: Unexpected response code: 404 @ http://localhost:5173/@vite/client:1034
[ 3620901ms] [ERROR] WebSocket connection to 'ws://localhost:5173/' failed: Error during WebSocket handshake: Unexpected response code: 404 @ http://localhost:5173/@vite/client:1034
[ 3623145ms] [ERROR] WebSocket connection to 'ws://localhost:5173/' failed: Error during WebSocket handshake: Unexpected response code: 404 @ http://localhost:5173/@vite/client:1034
[ 3626505ms] [ERROR] WebSocket connection to 'ws://localhost:5173/' failed: Error during WebSocket handshake: Unexpected response code: 404 @ http://localhost:5173/@vite/client:1034
[ 3631606ms] [ERROR] WebSocket connection to 'ws://localhost:5173/' failed: Error during WebSocket handshake: Unexpected response code: 404 @ http://localhost:5173/@vite/client:1034
[ 3637546ms] [ERROR] WebSocket connection to 'ws://localhost:5173/' failed: Error during WebSocket handshake: Unexpected response code: 404 @ http://localhost:5173/@vite/client:1034
[ 3642749ms] [ERROR] WebSocket connection to 'ws://localhost:5173/' failed: Error during WebSocket handshake: Unexpected response code: 404 @ http://localhost:5173/@vite/client:1034
[ 3645663ms] [ERROR] WebSocket connection to 'ws://localhost:5173/' failed: Error during WebSocket handshake: Unexpected response code: 404 @ http://localhost:5173/@vite/client:1034
[ 3651537ms] [ERROR] WebSocket connection to 'ws://localhost:5173/' failed: Error during WebSocket handshake: Unexpected response code: 404 @ http://localhost:5173/@vite/client:1034
[ 3656794ms] [ERROR] WebSocket connection to 'ws://localhost:5173/' failed: Error during WebSocket handshake: Unexpected response code: 404 @ http://localhost:5173/@vite/client:1034
[ 3662788ms] [ERROR] WebSocket connection to 'ws://localhost:5173/' failed: Error during WebSocket handshake: Unexpected response code: 404 @ http://localhost:5173/@vite/client:1034
[ 3668419ms] [ERROR] WebSocket connection to 'ws://localhost:5173/' failed: Error during WebSocket handshake: Unexpected response code: 404 @ http://localhost:5173/@vite/client:1034
[ 3671969ms] [ERROR] WebSocket connection to 'ws://localhost:5173/' failed: Error during WebSocket handshake: Unexpected response code: 404 @ http://localhost:5173/@vite/client:1034
[ 3676789ms] [ERROR] WebSocket connection to 'ws://localhost:5173/' failed: Error during WebSocket handshake: Unexpected response code: 404 @ http://localhost:5173/@vite/client:1034
[ 3679447ms] [ERROR] WebSocket connection to 'ws://localhost:5173/' failed: Error during WebSocket handshake: Unexpected response code: 404 @ http://localhost:5173/@vite/client:1034
[ 3684152ms] [ERROR] WebSocket connection to 'ws://localhost:5173/' failed: Error during WebSocket handshake: Unexpected response code: 404 @ http://localhost:5173/@vite/client:1034
[ 3687544ms] [ERROR] WebSocket connection to 'ws://localhost:5173/' failed: Error during WebSocket handshake: Unexpected response code: 404 @ http://localhost:5173/@vite/client:1034
[ 3693180ms] [ERROR] WebSocket connection to 'ws://localhost:5173/' failed: Error during WebSocket handshake: Unexpected response code: 404 @ http://localhost:5173/@vite/client:1034
[ 3697616ms] [ERROR] WebSocket connection to 'ws://localhost:5173/' failed: Error during WebSocket handshake: Unexpected response code: 404 @ http://localhost:5173/@vite/client:1034
[ 3701177ms] [ERROR] WebSocket connection to 'ws://localhost:5173/' failed: Error during WebSocket handshake: Unexpected response code: 404 @ http://localhost:5173/@vite/client:1034
[ 3704336ms] [ERROR] WebSocket connection to 'ws://localhost:5173/' failed: Error during WebSocket handshake: Unexpected response code: 404 @ http://localhost:5173/@vite/client:1034
[ 3709947ms] [ERROR] WebSocket connection to 'ws://localhost:5173/' failed: Error during WebSocket handshake: Unexpected response code: 404 @ http://localhost:5173/@vite/client:1034
[ 3712542ms] [ERROR] WebSocket connection to 'ws://localhost:5173/' failed: Error during WebSocket handshake: Unexpected response code: 404 @ http://localhost:5173/@vite/client:1034
[ 3715671ms] [ERROR] WebSocket connection to 'ws://localhost:5173/' failed: Error during WebSocket handshake: Unexpected response code: 404 @ http://localhost:5173/@vite/client:1034
[ 3716678ms] [ERROR] WebSocket connection to 'ws://localhost:5173/' failed: Error during WebSocket handshake: Unexpected response code: 404 @ http://localhost:5173/@vite/client:1034
[ 3717692ms] [ERROR] WebSocket connection to 'ws://localhost:5173/' failed: Error during WebSocket handshake: Unexpected response code: 404 @ http://localhost:5173/@vite/client:1034
[ 3718705ms] [ERROR] WebSocket connection to 'ws://localhost:5173/' failed: Error during WebSocket handshake: Unexpected response code: 404 @ http://localhost:5173/@vite/client:1034
[ 3719717ms] [ERROR] WebSocket connection to 'ws://localhost:5173/' failed: Error during WebSocket handshake: Unexpected response code: 404 @ http://localhost:5173/@vite/client:1034
[ 3720731ms] [ERROR] WebSocket connection to 'ws://localhost:5173/' failed: Error during WebSocket handshake: Unexpected response code: 404 @ http://localhost:5173/@vite/client:1034
[ 3721743ms] [ERROR] WebSocket connection to 'ws://localhost:5173/' failed: Error during WebSocket handshake: Unexpected response code: 404 @ http://localhost:5173/@vite/client:1034
[ 3722758ms] [ERROR] WebSocket connection to 'ws://localhost:5173/' failed: Error during WebSocket handshake: Unexpected response code: 404 @ http://localhost:5173/@vite/client:1034
[ 3723781ms] [ERROR] WebSocket connection to 'ws://localhost:5173/' failed: Error during WebSocket handshake: Unexpected response code: 404 @ http://localhost:5173/@vite/client:1034
[ 3724824ms] [ERROR] WebSocket connection to 'ws://localhost:5173/' failed: Error during WebSocket handshake: Unexpected response code: 404 @ http://localhost:5173/@vite/client:1034
[ 3725887ms] [ERROR] WebSocket connection to 'ws://localhost:5173/' failed: Error during WebSocket handshake: Unexpected response code: 404 @ http://localhost:5173/@vite/client:1034
[ 3727011ms] [ERROR] WebSocket connection to 'ws://localhost:5173/' failed: Error during WebSocket handshake: Unexpected response code: 404 @ http://localhost:5173/@vite/client:1034
[ 3728103ms] [ERROR] WebSocket connection to 'ws://localhost:5173/' failed: Error during WebSocket handshake: Unexpected response code: 404 @ http://localhost:5173/@vite/client:1034
[ 3729394ms] [ERROR] WebSocket connection to 'ws://localhost:5173/' failed: Error during WebSocket handshake: Unexpected response code: 404 @ http://localhost:5173/@vite/client:1034
[ 3731121ms] [ERROR] WebSocket connection to 'ws://localhost:5173/' failed: Error during WebSocket handshake: Unexpected response code: 404 @ http://localhost:5173/@vite/client:1034
[ 3733325ms] [ERROR] WebSocket connection to 'ws://localhost:5173/' failed: Error during WebSocket handshake: Unexpected response code: 404 @ http://localhost:5173/@vite/client:1034
[ 3738479ms] [ERROR] WebSocket connection to 'ws://localhost:5173/' failed: Error during WebSocket handshake: Unexpected response code: 404 @ http://localhost:5173/@vite/client:1034
[ 3744351ms] [ERROR] WebSocket connection to 'ws://localhost:5173/' failed: Error during WebSocket handshake: Unexpected response code: 404 @ http://localhost:5173/@vite/client:1034
[ 3748003ms] [ERROR] WebSocket connection to 'ws://localhost:5173/' failed: Error during WebSocket handshake: Unexpected response code: 404 @ http://localhost:5173/@vite/client:1034
[ 3753029ms] [ERROR] WebSocket connection to 'ws://localhost:5173/' failed: Error during WebSocket handshake: Unexpected response code: 404 @ http://localhost:5173/@vite/client:1034
[ 3758653ms] [ERROR] WebSocket connection to 'ws://localhost:5173/' failed: Error during WebSocket handshake: Unexpected response code: 404 @ http://localhost:5173/@vite/client:1034
[ 3761283ms] [ERROR] WebSocket connection to 'ws://localhost:5173/' failed: Error during WebSocket handshake: Unexpected response code: 404 @ http://localhost:5173/@vite/client:1034
[ 3766290ms] [ERROR] WebSocket connection to 'ws://localhost:5173/' failed: Error during WebSocket handshake: Unexpected response code: 404 @ http://localhost:5173/@vite/client:1034
[ 3769730ms] [ERROR] WebSocket connection to 'ws://localhost:5173/' failed: Error during WebSocket handshake: Unexpected response code: 404 @ http://localhost:5173/@vite/client:1034
[ 3772468ms] [ERROR] WebSocket connection to 'ws://localhost:5173/' failed: Error during WebSocket handshake: Unexpected response code: 404 @ http://localhost:5173/@vite/client:1034
[ 3777678ms] [ERROR] WebSocket connection to 'ws://localhost:5173/' failed: Error during WebSocket handshake: Unexpected response code: 404 @ http://localhost:5173/@vite/client:1034
[ 3783191ms] [ERROR] WebSocket connection to 'ws://localhost:5173/' failed: Error during WebSocket handshake: Unexpected response code: 404 @ http://localhost:5173/@vite/client:1034
[ 3789171ms] [ERROR] WebSocket connection to 'ws://localhost:5173/' failed: Error during WebSocket handshake: Unexpected response code: 404 @ http://localhost:5173/@vite/client:1034
[ 3792122ms] [ERROR] WebSocket connection to 'ws://localhost:5173/' failed: Error during WebSocket handshake: Unexpected response code: 404 @ http://localhost:5173/@vite/client:1034
[ 3794968ms] [ERROR] WebSocket connection to 'ws://localhost:5173/' failed: Error during WebSocket handshake: Unexpected response code: 404 @ http://localhost:5173/@vite/client:1034
[ 3799639ms] [ERROR] WebSocket connection to 'ws://localhost:5173/' failed: Error during WebSocket handshake: Unexpected response code: 404 @ http://localhost:5173/@vite/client:1034
[ 3804781ms] [ERROR] WebSocket connection to 'ws://localhost:5173/' failed: Error during WebSocket handshake: Unexpected response code: 404 @ http://localhost:5173/@vite/client:1034
[ 3809740ms] [ERROR] WebSocket connection to 'ws://localhost:5173/' failed: Error during WebSocket handshake: Unexpected response code: 404 @ http://localhost:5173/@vite/client:1034
[ 3812079ms] [ERROR] WebSocket connection to 'ws://localhost:5173/' failed: Error during WebSocket handshake: Unexpected response code: 404 @ http://localhost:5173/@vite/client:1034
[ 3816144ms] [ERROR] WebSocket connection to 'ws://localhost:5173/' failed: Error during WebSocket handshake: Unexpected response code: 404 @ http://localhost:5173/@vite/client:1034
[ 3821654ms] [ERROR] WebSocket connection to 'ws://localhost:5173/' failed: Error during WebSocket handshake: Unexpected response code: 404 @ http://localhost:5173/@vite/client:1034
[ 3826651ms] [ERROR] WebSocket connection to 'ws://localhost:5173/' failed: Error during WebSocket handshake: Unexpected response code: 404 @ http://localhost:5173/@vite/client:1034
[ 3831865ms] [ERROR] WebSocket connection to 'ws://localhost:5173/' failed: Error during WebSocket handshake: Unexpected response code: 404 @ http://localhost:5173/@vite/client:1034
[ 3835138ms] [ERROR] WebSocket connection to 'ws://localhost:5173/' failed: Error during WebSocket handshake: Unexpected response code: 404 @ http://localhost:5173/@vite/client:1034
[ 3839688ms] [ERROR] WebSocket connection to 'ws://localhost:5173/' failed: Error during WebSocket handshake: Unexpected response code: 404 @ http://localhost:5173/@vite/client:1034
[ 3845387ms] [ERROR] WebSocket connection to 'ws://localhost:5173/' failed: Error during WebSocket handshake: Unexpected response code: 404 @ http://localhost:5173/@vite/client:1034
[ 3847874ms] [ERROR] WebSocket connection to 'ws://localhost:5173/' failed: Error during WebSocket handshake: Unexpected response code: 404 @ http://localhost:5173/@vite/client:1034
[ 3853508ms] [ERROR] WebSocket connection to 'ws://localhost:5173/' failed: Error during WebSocket handshake: Unexpected response code: 404 @ http://localhost:5173/@vite/client:1034
[ 3857626ms] [ERROR] WebSocket connection to 'ws://localhost:5173/' failed: Error during WebSocket handshake: Unexpected response code: 404 @ http://localhost:5173/@vite/client:1034
[ 3862167ms] [ERROR] WebSocket connection to 'ws://localhost:5173/' failed: Error during WebSocket handshake: Unexpected response code: 404 @ http://localhost:5173/@vite/client:1034
[ 3865003ms] [ERROR] WebSocket connection to 'ws://localhost:5173/' failed: Error during WebSocket handshake: Unexpected response code: 404 @ http://localhost:5173/@vite/client:1034
[ 3869314ms] [ERROR] WebSocket connection to 'ws://localhost:5173/' failed: Error during WebSocket handshake: Unexpected response code: 404 @ http://localhost:5173/@vite/client:1034
[ 3872565ms] [ERROR] WebSocket connection to 'ws://localhost:5173/' failed: Error during WebSocket handshake: Unexpected response code: 404 @ http://localhost:5173/@vite/client:1034
[ 3876421ms] [ERROR] WebSocket connection to 'ws://localhost:5173/' failed: Error during WebSocket handshake: Unexpected response code: 404 @ http://localhost:5173/@vite/client:1034
[ 3881722ms] [ERROR] WebSocket connection to 'ws://localhost:5173/' failed: Error during WebSocket handshake: Unexpected response code: 404 @ http://localhost:5173/@vite/client:1034
[ 3887197ms] [ERROR] WebSocket connection to 'ws://localhost:5173/' failed: Error during WebSocket handshake: Unexpected response code: 404 @ http://localhost:5173/@vite/client:1034
[ 3891603ms] [ERROR] WebSocket connection to 'ws://localhost:5173/' failed: Error during WebSocket handshake: Unexpected response code: 404 @ http://localhost:5173/@vite/client:1034
[ 3894861ms] [ERROR] WebSocket connection to 'ws://localhost:5173/' failed: Error during WebSocket handshake: Unexpected response code: 404 @ http://localhost:5173/@vite/client:1034
[ 3898738ms] [ERROR] WebSocket connection to 'ws://localhost:5173/' failed: Error during WebSocket handshake: Unexpected response code: 404 @ http://localhost:5173/@vite/client:1034
[ 3903915ms] [ERROR] WebSocket connection to 'ws://localhost:5173/' failed: Error during WebSocket handshake: Unexpected response code: 404 @ http://localhost:5173/@vite/client:1034
[ 3907105ms] [ERROR] WebSocket connection to 'ws://localhost:5173/' failed: Error during WebSocket handshake: Unexpected response code: 404 @ http://localhost:5173/@vite/client:1034
[ 3911845ms] [ERROR] WebSocket connection to 'ws://localhost:5173/' failed: Error during WebSocket handshake: Unexpected response code: 404 @ http://localhost:5173/@vite/client:1034
[ 3916762ms] [ERROR] WebSocket connection to 'ws://localhost:5173/' failed: Error during WebSocket handshake: Unexpected response code: 404 @ http://localhost:5173/@vite/client:1034
[ 3919688ms] [ERROR] WebSocket connection to 'ws://localhost:5173/' failed: Error during WebSocket handshake: Unexpected response code: 404 @ http://localhost:5173/@vite/client:1034
[ 3922648ms] [ERROR] WebSocket connection to 'ws://localhost:5173/' failed: Error during WebSocket handshake: Unexpected response code: 404 @ http://localhost:5173/@vite/client:1034
[ 3927886ms] [ERROR] WebSocket connection to 'ws://localhost:5173/' failed: Error during WebSocket handshake: Unexpected response code: 404 @ http://localhost:5173/@vite/client:1034
[ 3931528ms] [ERROR] WebSocket connection to 'ws://localhost:5173/' failed: Error during WebSocket handshake: Unexpected response code: 404 @ http://localhost:5173/@vite/client:1034
[ 3937398ms] [ERROR] WebSocket connection to 'ws://localhost:5173/' failed: Error during WebSocket handshake: Unexpected response code: 404 @ http://localhost:5173/@vite/client:1034
[ 3940465ms] [ERROR] WebSocket connection to 'ws://localhost:5173/' failed: Error during WebSocket handshake: Unexpected response code: 404 @ http://localhost:5173/@vite/client:1034
[ 3943810ms] [ERROR] WebSocket connection to 'ws://localhost:5173/' failed: Error during WebSocket handshake: Unexpected response code: 404 @ http://localhost:5173/@vite/client:1034
[ 3949504ms] [ERROR] WebSocket connection to 'ws://localhost:5173/' failed: Error during WebSocket handshake: Unexpected response code: 404 @ http://localhost:5173/@vite/client:1034
[ 3953195ms] [ERROR] WebSocket connection to 'ws://localhost:5173/' failed: Error during WebSocket handshake: Unexpected response code: 404 @ http://localhost:5173/@vite/client:1034
[ 3957762ms] [ERROR] WebSocket connection to 'ws://localhost:5173/' failed: Error during WebSocket handshake: Unexpected response code: 404 @ http://localhost:5173/@vite/client:1034
[ 3960776ms] [ERROR] WebSocket connection to 'ws://localhost:5173/' failed: Error during WebSocket handshake: Unexpected response code: 404 @ http://localhost:5173/@vite/client:1034
[ 3965220ms] [ERROR] WebSocket connection to 'ws://localhost:5173/' failed: Error during WebSocket handshake: Unexpected response code: 404 @ http://localhost:5173/@vite/client:1034
[ 3967948ms] [ERROR] WebSocket connection to 'ws://localhost:5173/' failed: Error during WebSocket handshake: Unexpected response code: 404 @ http://localhost:5173/@vite/client:1034
[ 3972745ms] [ERROR] WebSocket connection to 'ws://localhost:5173/' failed: Error during WebSocket handshake: Unexpected response code: 404 @ http://localhost:5173/@vite/client:1034
[ 3976466ms] [ERROR] WebSocket connection to 'ws://localhost:5173/' failed: Error during WebSocket handshake: Unexpected response code: 404 @ http://localhost:5173/@vite/client:1034
[ 3979083ms] [ERROR] WebSocket connection to 'ws://localhost:5173/' failed: Error during WebSocket handshake: Unexpected response code: 404 @ http://localhost:5173/@vite/client:1034
[ 3981637ms] [ERROR] WebSocket connection to 'ws://localhost:5173/' failed: Error during WebSocket handshake: Unexpected response code: 404 @ http://localhost:5173/@vite/client:1034
[ 3986508ms] [ERROR] WebSocket connection to 'ws://localhost:5173/' failed: Error during WebSocket handshake: Unexpected response code: 404 @ http://localhost:5173/@vite/client:1034
[ 3988732ms] [ERROR] WebSocket connection to 'ws://localhost:5173/' failed: Error during WebSocket handshake: Unexpected response code: 404 @ http://localhost:5173/@vite/client:1034
[ 3991217ms] [ERROR] WebSocket connection to 'ws://localhost:5173/' failed: Error during WebSocket handshake: Unexpected response code: 404 @ http://localhost:5173/@vite/client:1034
[ 3996698ms] [ERROR] WebSocket connection to 'ws://localhost:5173/' failed: Error during WebSocket handshake: Unexpected response code: 404 @ http://localhost:5173/@vite/client:1034
[ 4001551ms] [ERROR] WebSocket connection to 'ws://localhost:5173/' failed: Error during WebSocket handshake: Unexpected response code: 404 @ http://localhost:5173/@vite/client:1034
[ 4006091ms] [ERROR] WebSocket connection to 'ws://localhost:5173/' failed: Error during WebSocket handshake: Unexpected response code: 404 @ http://localhost:5173/@vite/client:1034
[ 4008995ms] [ERROR] WebSocket connection to 'ws://localhost:5173/' failed: Error during WebSocket handshake: Unexpected response code: 404 @ http://localhost:5173/@vite/client:1034
[ 4012310ms] [ERROR] WebSocket connection to 'ws://localhost:5173/' failed: Error during WebSocket handshake: Unexpected response code: 404 @ http://localhost:5173/@vite/client:1034
[ 4016343ms] [ERROR] WebSocket connection to 'ws://localhost:5173/' failed: Error during WebSocket handshake: Unexpected response code: 404 @ http://localhost:5173/@vite/client:1034
[ 4020728ms] [ERROR] WebSocket connection to 'ws://localhost:5173/' failed: Error during WebSocket handshake: Unexpected response code: 404 @ http://localhost:5173/@vite/client:1034
[ 4025984ms] [ERROR] WebSocket connection to 'ws://localhost:5173/' failed: Error during WebSocket handshake: Unexpected response code: 404 @ http://localhost:5173/@vite/client:1034
[ 4030187ms] [ERROR] WebSocket connection to 'ws://localhost:5173/' failed: Error during WebSocket handshake: Unexpected response code: 404 @ http://localhost:5173/@vite/client:1034
[ 4032678ms] [ERROR] WebSocket connection to 'ws://localhost:5173/' failed: Error during WebSocket handshake: Unexpected response code: 404 @ http://localhost:5173/@vite/client:1034
[ 4037062ms] [ERROR] WebSocket connection to 'ws://localhost:5173/' failed: Error during WebSocket handshake: Unexpected response code: 404 @ http://localhost:5173/@vite/client:1034
[ 4042360ms] [ERROR] WebSocket connection to 'ws://localhost:5173/' failed: Error during WebSocket handshake: Unexpected response code: 404 @ http://localhost:5173/@vite/client:1034
[ 4047179ms] [ERROR] WebSocket connection to 'ws://localhost:5173/' failed: Error during WebSocket handshake: Unexpected response code: 404 @ http://localhost:5173/@vite/client:1034
[ 4050168ms] [ERROR] WebSocket connection to 'ws://localhost:5173/' failed: Error during WebSocket handshake: Unexpected response code: 404 @ http://localhost:5173/@vite/client:1034
[ 4056069ms] [ERROR] WebSocket connection to 'ws://localhost:5173/' failed: Error during WebSocket handshake: Unexpected response code: 404 @ http://localhost:5173/@vite/client:1034
[ 4059530ms] [ERROR] WebSocket connection to 'ws://localhost:5173/' failed: Error during WebSocket handshake: Unexpected response code: 404 @ http://localhost:5173/@vite/client:1034
[ 4064069ms] [ERROR] WebSocket connection to 'ws://localhost:5173/' failed: Error during WebSocket handshake: Unexpected response code: 404 @ http://localhost:5173/@vite/client:1034
[ 4067822ms] [ERROR] WebSocket connection to 'ws://localhost:5173/' failed: Error during WebSocket handshake: Unexpected response code: 404 @ http://localhost:5173/@vite/client:1034
[ 4071815ms] [ERROR] WebSocket connection to 'ws://localhost:5173/' failed: Error during WebSocket handshake: Unexpected response code: 404 @ http://localhost:5173/@vite/client:1034
[ 4074284ms] [ERROR] WebSocket connection to 'ws://localhost:5173/' failed: Error during WebSocket handshake: Unexpected response code: 404 @ http://localhost:5173/@vite/client:1034
[ 4078428ms] [ERROR] WebSocket connection to 'ws://localhost:5173/' failed: Error during WebSocket handshake: Unexpected response code: 404 @ http://localhost:5173/@vite/client:1034
[ 4083106ms] [ERROR] WebSocket connection to 'ws://localhost:5173/' failed: Error during WebSocket handshake: Unexpected response code: 404 @ http://localhost:5173/@vite/client:1034
[ 4087737ms] [ERROR] WebSocket connection to 'ws://localhost:5173/' failed: Error during WebSocket handshake: Unexpected response code: 404 @ http://localhost:5173/@vite/client:1034
[ 4090045ms] [ERROR] WebSocket connection to 'ws://localhost:5173/' failed: Error during WebSocket handshake: Unexpected response code: 404 @ http://localhost:5173/@vite/client:1034
[ 4094861ms] [ERROR] WebSocket connection to 'ws://localhost:5173/' failed: Error during WebSocket handshake: Unexpected response code: 404 @ http://localhost:5173/@vite/client:1034
[ 4099330ms] [ERROR] WebSocket connection to 'ws://localhost:5173/' failed: Error during WebSocket handshake: Unexpected response code: 404 @ http://localhost:5173/@vite/client:1034
[ 4101638ms] [ERROR] WebSocket connection to 'ws://localhost:5173/' failed: Error during WebSocket handshake: Unexpected response code: 404 @ http://localhost:5173/@vite/client:1034
[ 4105436ms] [ERROR] WebSocket connection to 'ws://localhost:5173/' failed: Error during WebSocket handshake: Unexpected response code: 404 @ http://localhost:5173/@vite/client:1034
[ 4108886ms] [ERROR] WebSocket connection to 'ws://localhost:5173/' failed: Error during WebSocket handshake: Unexpected response code: 404 @ http://localhost:5173/@vite/client:1034
[ 4113269ms] [ERROR] WebSocket connection to 'ws://localhost:5173/' failed: Error during WebSocket handshake: Unexpected response code: 404 @ http://localhost:5173/@vite/client:1034
[ 4116799ms] [ERROR] WebSocket connection to 'ws://localhost:5173/' failed: Error during WebSocket handshake: Unexpected response code: 404 @ http://localhost:5173/@vite/client:1034
[ 4119361ms] [ERROR] WebSocket connection to 'ws://localhost:5173/' failed: Error during WebSocket handshake: Unexpected response code: 404 @ http://localhost:5173/@vite/client:1034
[ 4123117ms] [ERROR] WebSocket connection to 'ws://localhost:5173/' failed: Error during WebSocket handshake: Unexpected response code: 404 @ http://localhost:5173/@vite/client:1034
[ 4126977ms] [ERROR] WebSocket connection to 'ws://localhost:5173/' failed: Error during WebSocket handshake: Unexpected response code: 404 @ http://localhost:5173/@vite/client:1034
[ 4132288ms] [ERROR] WebSocket connection to 'ws://localhost:5173/' failed: Error during WebSocket handshake: Unexpected response code: 404 @ http://localhost:5173/@vite/client:1034
[ 4134538ms] [ERROR] WebSocket connection to 'ws://localhost:5173/' failed: Error during WebSocket handshake: Unexpected response code: 404 @ http://localhost:5173/@vite/client:1034
[ 4139294ms] [ERROR] WebSocket connection to 'ws://localhost:5173/' failed: Error during WebSocket handshake: Unexpected response code: 404 @ http://localhost:5173/@vite/client:1034
[ 4141541ms] [ERROR] WebSocket connection to 'ws://localhost:5173/' failed: Error during WebSocket handshake: Unexpected response code: 404 @ http://localhost:5173/@vite/client:1034
[ 4147403ms] [ERROR] WebSocket connection to 'ws://localhost:5173/' failed: Error during WebSocket handshake: Unexpected response code: 404 @ http://localhost:5173/@vite/client:1034
[ 4150194ms] [ERROR] WebSocket connection to 'ws://localhost:5173/' failed: Error during WebSocket handshake: Unexpected response code: 404 @ http://localhost:5173/@vite/client:1034
[ 4152815ms] [ERROR] WebSocket connection to 'ws://localhost:5173/' failed: Error during WebSocket handshake: Unexpected response code: 404 @ http://localhost:5173/@vite/client:1034
[ 4158020ms] [ERROR] WebSocket connection to 'ws://localhost:5173/' failed: Error during WebSocket handshake: Unexpected response code: 404 @ http://localhost:5173/@vite/client:1034
[ 4160455ms] [ERROR] WebSocket connection to 'ws://localhost:5173/' failed: Error during WebSocket handshake: Unexpected response code: 404 @ http://localhost:5173/@vite/client:1034
[ 4165803ms] [ERROR] WebSocket connection to 'ws://localhost:5173/' failed: Error during WebSocket handshake: Unexpected response code: 404 @ http://localhost:5173/@vite/client:1034
[ 4168715ms] [ERROR] WebSocket connection to 'ws://localhost:5173/' failed: Error during WebSocket handshake: Unexpected response code: 404 @ http://localhost:5173/@vite/client:1034
[ 4171652ms] [ERROR] WebSocket connection to 'ws://localhost:5173/' failed: Error during WebSocket handshake: Unexpected response code: 404 @ http://localhost:5173/@vite/client:1034
[ 4175219ms] [ERROR] WebSocket connection to 'ws://localhost:5173/' failed: Error during WebSocket handshake: Unexpected response code: 404 @ http://localhost:5173/@vite/client:1034
[ 4180684ms] [ERROR] WebSocket connection to 'ws://localhost:5173/' failed: Error during WebSocket handshake: Unexpected response code: 404 @ http://localhost:5173/@vite/client:1034
[ 4184350ms] [ERROR] WebSocket connection to 'ws://localhost:5173/' failed: Error during WebSocket handshake: Unexpected response code: 404 @ http://localhost:5173/@vite/client:1034
[ 4189862ms] [ERROR] WebSocket connection to 'ws://localhost:5173/' failed: Error during WebSocket handshake: Unexpected response code: 404 @ http://localhost:5173/@vite/client:1034
[ 4194321ms] [ERROR] WebSocket connection to 'ws://localhost:5173/' failed: Error during WebSocket handshake: Unexpected response code: 404 @ http://localhost:5173/@vite/client:1034
[ 4197973ms] [ERROR] WebSocket connection to 'ws://localhost:5173/' failed: Error during WebSocket handshake: Unexpected response code: 404 @ http://localhost:5173/@vite/client:1034
[ 4203723ms] [ERROR] WebSocket connection to 'ws://localhost:5173/' failed: Error during WebSocket handshake: Unexpected response code: 404 @ http://localhost:5173/@vite/client:1034
[ 4207254ms] [ERROR] WebSocket connection to 'ws://localhost:5173/' failed: Error during WebSocket handshake: Unexpected response code: 404 @ http://localhost:5173/@vite/client:1034
[ 4212476ms] [ERROR] WebSocket connection to 'ws://localhost:5173/' failed: Error during WebSocket handshake: Unexpected response code: 404 @ http://localhost:5173/@vite/client:1034
[ 4216816ms] [ERROR] WebSocket connection to 'ws://localhost:5173/' failed: Error during WebSocket handshake: Unexpected response code: 404 @ http://localhost:5173/@vite/client:1034
[ 4221084ms] [ERROR] WebSocket connection to 'ws://localhost:5173/' failed: Error during WebSocket handshake: Unexpected response code: 404 @ http://localhost:5173/@vite/client:1034
[ 4224482ms] [ERROR] WebSocket connection to 'ws://localhost:5173/' failed: Error during WebSocket handshake: Unexpected response code: 404 @ http://localhost:5173/@vite/client:1034
[ 4226816ms] [ERROR] WebSocket connection to 'ws://localhost:5173/' failed: Error during WebSocket handshake: Unexpected response code: 404 @ http://localhost:5173/@vite/client:1034
[ 4229144ms] [ERROR] WebSocket connection to 'ws://localhost:5173/' failed: Error during WebSocket handshake: Unexpected response code: 404 @ http://localhost:5173/@vite/client:1034
[ 4231529ms] [ERROR] WebSocket connection to 'ws://localhost:5173/' failed: Error during WebSocket handshake: Unexpected response code: 404 @ http://localhost:5173/@vite/client:1034
[ 4235475ms] [ERROR] WebSocket connection to 'ws://localhost:5173/' failed: Error during WebSocket handshake: Unexpected response code: 404 @ http://localhost:5173/@vite/client:1034
[ 4237884ms] [ERROR] WebSocket connection to 'ws://localhost:5173/' failed: Error during WebSocket handshake: Unexpected response code: 404 @ http://localhost:5173/@vite/client:1034
[ 4242877ms] [ERROR] WebSocket connection to 'ws://localhost:5173/' failed: Error during WebSocket handshake: Unexpected response code: 404 @ http://localhost:5173/@vite/client:1034
[ 4248634ms] [ERROR] WebSocket connection to 'ws://localhost:5173/' failed: Error during WebSocket handshake: Unexpected response code: 404 @ http://localhost:5173/@vite/client:1034
[ 4253049ms] [ERROR] WebSocket connection to 'ws://localhost:5173/' failed: Error during WebSocket handshake: Unexpected response code: 404 @ http://localhost:5173/@vite/client:1034
[ 4258071ms] [ERROR] WebSocket connection to 'ws://localhost:5173/' failed: Error during WebSocket handshake: Unexpected response code: 404 @ http://localhost:5173/@vite/client:1034
[ 4260366ms] [ERROR] WebSocket connection to 'ws://localhost:5173/' failed: Error during WebSocket handshake: Unexpected response code: 404 @ http://localhost:5173/@vite/client:1034
[ 4262861ms] [ERROR] WebSocket connection to 'ws://localhost:5173/' failed: Error during WebSocket handshake: Unexpected response code: 404 @ http://localhost:5173/@vite/client:1034
[ 4265158ms] [ERROR] WebSocket connection to 'ws://localhost:5173/' failed: Error during WebSocket handshake: Unexpected response code: 404 @ http://localhost:5173/@vite/client:1034
[ 4269504ms] [ERROR] WebSocket connection to 'ws://localhost:5173/' failed: Error during WebSocket handshake: Unexpected response code: 404 @ http://localhost:5173/@vite/client:1034
[ 4271705ms] [ERROR] WebSocket connection to 'ws://localhost:5173/' failed: Error during WebSocket handshake: Unexpected response code: 404 @ http://localhost:5173/@vite/client:1034
[ 4273992ms] [ERROR] WebSocket connection to 'ws://localhost:5173/' failed: Error during WebSocket handshake: Unexpected response code: 404 @ http://localhost:5173/@vite/client:1034
[ 4278786ms] [ERROR] WebSocket connection to 'ws://localhost:5173/' failed: Error during WebSocket handshake: Unexpected response code: 404 @ http://localhost:5173/@vite/client:1034
[ 4283457ms] [ERROR] WebSocket connection to 'ws://localhost:5173/' failed: Error during WebSocket handshake: Unexpected response code: 404 @ http://localhost:5173/@vite/client:1034
[ 4286292ms] [ERROR] WebSocket connection to 'ws://localhost:5173/' failed: Error during WebSocket handshake: Unexpected response code: 404 @ http://localhost:5173/@vite/client:1034
[ 4289054ms] [ERROR] WebSocket connection to 'ws://localhost:5173/' failed: Error during WebSocket handshake: Unexpected response code: 404 @ http://localhost:5173/@vite/client:1034
[ 4291862ms] [ERROR] WebSocket connection to 'ws://localhost:5173/' failed: Error during WebSocket handshake: Unexpected response code: 404 @ http://localhost:5173/@vite/client:1034
[ 4297110ms] [ERROR] WebSocket connection to 'ws://localhost:5173/' failed: Error during WebSocket handshake: Unexpected response code: 404 @ http://localhost:5173/@vite/client:1034
[ 4299566ms] [ERROR] WebSocket connection to 'ws://localhost:5173/' failed: Error during WebSocket handshake: Unexpected response code: 404 @ http://localhost:5173/@vite/client:1034
[ 4304383ms] [ERROR] WebSocket connection to 'ws://localhost:5173/' failed: Error during WebSocket handshake: Unexpected response code: 404 @ http://localhost:5173/@vite/client:1034
[ 4307899ms] [ERROR] WebSocket connection to 'ws://localhost:5173/' failed: Error during WebSocket handshake: Unexpected response code: 404 @ http://localhost:5173/@vite/client:1034
[ 4313392ms] [ERROR] WebSocket connection to 'ws://localhost:5173/' failed: Error during WebSocket handshake: Unexpected response code: 404 @ http://localhost:5173/@vite/client:1034
[ 4315689ms] [ERROR] WebSocket connection to 'ws://localhost:5173/' failed: Error during WebSocket handshake: Unexpected response code: 404 @ http://localhost:5173/@vite/client:1034
[ 4321081ms] [ERROR] WebSocket connection to 'ws://localhost:5173/' failed: Error during WebSocket handshake: Unexpected response code: 404 @ http://localhost:5173/@vite/client:1034
[ 4325201ms] [ERROR] WebSocket connection to 'ws://localhost:5173/' failed: Error during WebSocket handshake: Unexpected response code: 404 @ http://localhost:5173/@vite/client:1034
[ 4328193ms] [ERROR] WebSocket connection to 'ws://localhost:5173/' failed: Error during WebSocket handshake: Unexpected response code: 404 @ http://localhost:5173/@vite/client:1034
[ 4332673ms] [ERROR] WebSocket connection to 'ws://localhost:5173/' failed: Error during WebSocket handshake: Unexpected response code: 404 @ http://localhost:5173/@vite/client:1034
[ 4338683ms] [ERROR] WebSocket connection to 'ws://localhost:5173/' failed: Error during WebSocket handshake: Unexpected response code: 404 @ http://localhost:5173/@vite/client:1034
[ 4340762ms] [ERROR] WebSocket connection to 'ws://localhost:5173/' failed: Error during WebSocket handshake: Unexpected response code: 404 @ http://localhost:5173/@vite/client:1034
[ 4345217ms] [ERROR] WebSocket connection to 'ws://localhost:5173/' failed: Error during WebSocket handshake: Unexpected response code: 404 @ http://localhost:5173/@vite/client:1034
[ 4348931ms] [ERROR] WebSocket connection to 'ws://localhost:5173/' failed: Error during WebSocket handshake: Unexpected response code: 404 @ http://localhost:5173/@vite/client:1034
[ 4353367ms] [ERROR] WebSocket connection to 'ws://localhost:5173/' failed: Error during WebSocket handshake: Unexpected response code: 404 @ http://localhost:5173/@vite/client:1034
[ 4358443ms] [ERROR] WebSocket connection to 'ws://localhost:5173/' failed: Error during WebSocket handshake: Unexpected response code: 404 @ http://localhost:5173/@vite/client:1034
[ 4364469ms] [ERROR] WebSocket connection to 'ws://localhost:5173/' failed: Error during WebSocket handshake: Unexpected response code: 404 @ http://localhost:5173/@vite/client:1034
[ 4369528ms] [ERROR] WebSocket connection to 'ws://localhost:5173/' failed: Error during WebSocket handshake: Unexpected response code: 404 @ http://localhost:5173/@vite/client:1034
[ 4375383ms] [ERROR] WebSocket connection to 'ws://localhost:5173/' failed: Error during WebSocket handshake: Unexpected response code: 404 @ http://localhost:5173/@vite/client:1034
[ 4379510ms] [ERROR] WebSocket connection to 'ws://localhost:5173/' failed: Error during WebSocket handshake: Unexpected response code: 404 @ http://localhost:5173/@vite/client:1034
[ 4382378ms] [ERROR] WebSocket connection to 'ws://localhost:5173/' failed: Error during WebSocket handshake: Unexpected response code: 404 @ http://localhost:5173/@vite/client:1034
[ 4385825ms] [ERROR] WebSocket connection to 'ws://localhost:5173/' failed: Error during WebSocket handshake: Unexpected response code: 404 @ http://localhost:5173/@vite/client:1034
[ 4390821ms] [ERROR] WebSocket connection to 'ws://localhost:5173/' failed: Error during WebSocket handshake: Unexpected response code: 404 @ http://localhost:5173/@vite/client:1034
[ 4395492ms] [ERROR] WebSocket connection to 'ws://localhost:5173/' failed: Error during WebSocket handshake: Unexpected response code: 404 @ http://localhost:5173/@vite/client:1034
[ 4399662ms] [ERROR] WebSocket connection to 'ws://localhost:5173/' failed: Error during WebSocket handshake: Unexpected response code: 404 @ http://localhost:5173/@vite/client:1034
[ 4402959ms] [ERROR] WebSocket connection to 'ws://localhost:5173/' failed: Error during WebSocket handshake: Unexpected response code: 404 @ http://localhost:5173/@vite/client:1034
[ 4406184ms] [ERROR] WebSocket connection to 'ws://localhost:5173/' failed: Error during WebSocket handshake: Unexpected response code: 404 @ http://localhost:5173/@vite/client:1034
[ 4408453ms] [ERROR] WebSocket connection to 'ws://localhost:5173/' failed: Error during WebSocket handshake: Unexpected response code: 404 @ http://localhost:5173/@vite/client:1034
[ 4411264ms] [ERROR] WebSocket connection to 'ws://localhost:5173/' failed: Error during WebSocket handshake: Unexpected response code: 404 @ http://localhost:5173/@vite/client:1034
[ 4414989ms] [ERROR] WebSocket connection to 'ws://localhost:5173/' failed: Error during WebSocket handshake: Unexpected response code: 404 @ http://localhost:5173/@vite/client:1034
[ 4420661ms] [ERROR] WebSocket connection to 'ws://localhost:5173/' failed: Error during WebSocket handshake: Unexpected response code: 404 @ http://localhost:5173/@vite/client:1034
[ 4424059ms] [ERROR] WebSocket connection to 'ws://localhost:5173/' failed: Error during WebSocket handshake: Unexpected response code: 404 @ http://localhost:5173/@vite/client:1034
[ 4429133ms] [ERROR] WebSocket connection to 'ws://localhost:5173/' failed: Error during WebSocket handshake: Unexpected response code: 404 @ http://localhost:5173/@vite/client:1034
[ 4434069ms] [ERROR] WebSocket connection to 'ws://localhost:5173/' failed: Error during WebSocket handshake: Unexpected response code: 404 @ http://localhost:5173/@vite/client:1034
[ 4438907ms] [ERROR] WebSocket connection to 'ws://localhost:5173/' failed: Error during WebSocket handshake: Unexpected response code: 404 @ http://localhost:5173/@vite/client:1034
[ 4441966ms] [ERROR] WebSocket connection to 'ws://localhost:5173/' failed: Error during WebSocket handshake: Unexpected response code: 404 @ http://localhost:5173/@vite/client:1034
[ 4446030ms] [ERROR] WebSocket connection to 'ws://localhost:5173/' failed: Error during WebSocket handshake: Unexpected response code: 404 @ http://localhost:5173/@vite/client:1034
[ 4451826ms] [ERROR] WebSocket connection to 'ws://localhost:5173/' failed: Error during WebSocket handshake: Unexpected response code: 404 @ http://localhost:5173/@vite/client:1034
[ 4456145ms] [ERROR] WebSocket connection to 'ws://localhost:5173/' failed: Error during WebSocket handshake: Unexpected response code: 404 @ http://localhost:5173/@vite/client:1034
[ 4458621ms] [ERROR] WebSocket connection to 'ws://localhost:5173/' failed: Error during WebSocket handshake: Unexpected response code: 404 @ http://localhost:5173/@vite/client:1034
[ 4464437ms] [ERROR] WebSocket connection to 'ws://localhost:5173/' failed: Error during WebSocket handshake: Unexpected response code: 404 @ http://localhost:5173/@vite/client:1034
[ 4467434ms] [ERROR] WebSocket connection to 'ws://localhost:5173/' failed: Error during WebSocket handshake: Unexpected response code: 404 @ http://localhost:5173/@vite/client:1034
[ 4470961ms] [ERROR] WebSocket connection to 'ws://localhost:5173/' failed: Error during WebSocket handshake: Unexpected response code: 404 @ http://localhost:5173/@vite/client:1034
[ 4474979ms] [ERROR] WebSocket connection to 'ws://localhost:5173/' failed: Error during WebSocket handshake: Unexpected response code: 404 @ http://localhost:5173/@vite/client:1034
[ 4478787ms] [ERROR] WebSocket connection to 'ws://localhost:5173/' failed: Error during WebSocket handshake: Unexpected response code: 404 @ http://localhost:5173/@vite/client:1034
[ 4481896ms] [ERROR] WebSocket connection to 'ws://localhost:5173/' failed: Error during WebSocket handshake: Unexpected response code: 404 @ http://localhost:5173/@vite/client:1034
[ 4485749ms] [ERROR] WebSocket connection to 'ws://localhost:5173/' failed: Error during WebSocket handshake: Unexpected response code: 404 @ http://localhost:5173/@vite/client:1034
[ 4490837ms] [ERROR] WebSocket connection to 'ws://localhost:5173/' failed: Error during WebSocket handshake: Unexpected response code: 404 @ http://localhost:5173/@vite/client:1034
[ 4495167ms] [ERROR] WebSocket connection to 'ws://localhost:5173/' failed: Error during WebSocket handshake: Unexpected response code: 404 @ http://localhost:5173/@vite/client:1034
[ 4499078ms] [ERROR] WebSocket connection to 'ws://localhost:5173/' failed: Error during WebSocket handshake: Unexpected response code: 404 @ http://localhost:5173/@vite/client:1034
[ 4504409ms] [ERROR] WebSocket connection to 'ws://localhost:5173/' failed: Error during WebSocket handshake: Unexpected response code: 404 @ http://localhost:5173/@vite/client:1034
[ 4507784ms] [ERROR] WebSocket connection to 'ws://localhost:5173/' failed: Error during WebSocket handshake: Unexpected response code: 404 @ http://localhost:5173/@vite/client:1034
[ 4510139ms] [ERROR] WebSocket connection to 'ws://localhost:5173/' failed: Error during WebSocket handshake: Unexpected response code: 404 @ http://localhost:5173/@vite/client:1034
[ 4513676ms] [ERROR] WebSocket connection to 'ws://localhost:5173/' failed: Error during WebSocket handshake: Unexpected response code: 404 @ http://localhost:5173/@vite/client:1034
[ 4515740ms] [ERROR] WebSocket connection to 'ws://localhost:5173/' failed: Error during WebSocket handshake: Unexpected response code: 404 @ http://localhost:5173/@vite/client:1034
[ 4520261ms] [ERROR] WebSocket connection to 'ws://localhost:5173/' failed: Error during WebSocket handshake: Unexpected response code: 404 @ http://localhost:5173/@vite/client:1034
[ 4524046ms] [ERROR] WebSocket connection to 'ws://localhost:5173/' failed: Error during WebSocket handshake: Unexpected response code: 404 @ http://localhost:5173/@vite/client:1034
[ 4528118ms] [ERROR] WebSocket connection to 'ws://localhost:5173/' failed: Error during WebSocket handshake: Unexpected response code: 404 @ http://localhost:5173/@vite/client:1034
[ 4533851ms] [ERROR] WebSocket connection to 'ws://localhost:5173/' failed: Error during WebSocket handshake: Unexpected response code: 404 @ http://localhost:5173/@vite/client:1034
[ 4538856ms] [ERROR] WebSocket connection to 'ws://localhost:5173/' failed: Error during WebSocket handshake: Unexpected response code: 404 @ http://localhost:5173/@vite/client:1034
[ 4541253ms] [ERROR] WebSocket connection to 'ws://localhost:5173/' failed: Error during WebSocket handshake: Unexpected response code: 404 @ http://localhost:5173/@vite/client:1034
[ 4544730ms] [ERROR] WebSocket connection to 'ws://localhost:5173/' failed: Error during WebSocket handshake: Unexpected response code: 404 @ http://localhost:5173/@vite/client:1034
[ 4547885ms] [ERROR] WebSocket connection to 'ws://localhost:5173/' failed: Error during WebSocket handshake: Unexpected response code: 404 @ http://localhost:5173/@vite/client:1034
[ 4550572ms] [ERROR] WebSocket connection to 'ws://localhost:5173/' failed: Error during WebSocket handshake: Unexpected response code: 404 @ http://localhost:5173/@vite/client:1034
[ 4556069ms] [ERROR] WebSocket connection to 'ws://localhost:5173/' failed: Error during WebSocket handshake: Unexpected response code: 404 @ http://localhost:5173/@vite/client:1034
[ 4557080ms] [ERROR] WebSocket connection to 'ws://localhost:5173/' failed: Error during WebSocket handshake: Unexpected response code: 404 @ http://localhost:5173/@vite/client:1034
[ 4558091ms] [ERROR] WebSocket connection to 'ws://localhost:5173/' failed: Error during WebSocket handshake: Unexpected response code: 404 @ http://localhost:5173/@vite/client:1034
[ 4559101ms] [ERROR] WebSocket connection to 'ws://localhost:5173/' failed: Error during WebSocket handshake: Unexpected response code: 404 @ http://localhost:5173/@vite/client:1034
[ 4560110ms] [ERROR] WebSocket connection to 'ws://localhost:5173/' failed: Error during WebSocket handshake: Unexpected response code: 404 @ http://localhost:5173/@vite/client:1034
[ 4561119ms] [ERROR] WebSocket connection to 'ws://localhost:5173/' failed: Error during WebSocket handshake: Unexpected response code: 404 @ http://localhost:5173/@vite/client:1034
[ 4562135ms] [ERROR] WebSocket connection to 'ws://localhost:5173/' failed: Error during WebSocket handshake: Unexpected response code: 404 @ http://localhost:5173/@vite/client:1034
[ 4563162ms] [ERROR] WebSocket connection to 'ws://localhost:5173/' failed: Error during WebSocket handshake: Unexpected response code: 404 @ http://localhost:5173/@vite/client:1034
[ 4564194ms] [ERROR] WebSocket connection to 'ws://localhost:5173/' failed: Error during WebSocket handshake: Unexpected response code: 404 @ http://localhost:5173/@vite/client:1034
[ 4565246ms] [ERROR] WebSocket connection to 'ws://localhost:5173/' failed: Error during WebSocket handshake: Unexpected response code: 404 @ http://localhost:5173/@vite/client:1034
[ 4566307ms] [ERROR] WebSocket connection to 'ws://localhost:5173/' failed: Error during WebSocket handshake: Unexpected response code: 404 @ http://localhost:5173/@vite/client:1034
[ 4567348ms] [ERROR] WebSocket connection to 'ws://localhost:5173/' failed: Error during WebSocket handshake: Unexpected response code: 404 @ http://localhost:5173/@vite/client:1034
[ 4568607ms] [ERROR] WebSocket connection to 'ws://localhost:5173/' failed: Error during WebSocket handshake: Unexpected response code: 404 @ http://localhost:5173/@vite/client:1034
[ 4570095ms] [ERROR] WebSocket connection to 'ws://localhost:5173/' failed: Error during WebSocket handshake: Unexpected response code: 404 @ http://localhost:5173/@vite/client:1034
[ 4571414ms] [ERROR] WebSocket connection to 'ws://localhost:5173/' failed: Error during WebSocket handshake: Unexpected response code: 404 @ http://localhost:5173/@vite/client:1034
[ 4574772ms] [ERROR] WebSocket connection to 'ws://localhost:5173/' failed: Error during WebSocket handshake: Unexpected response code: 404 @ http://localhost:5173/@vite/client:1034
[ 4578792ms] [ERROR] WebSocket connection to 'ws://localhost:5173/' failed: Error during WebSocket handshake: Unexpected response code: 404 @ http://localhost:5173/@vite/client:1034
[ 4584581ms] [ERROR] WebSocket connection to 'ws://localhost:5173/' failed: Error during WebSocket handshake: Unexpected response code: 404 @ http://localhost:5173/@vite/client:1034
[ 4586899ms] [ERROR] WebSocket connection to 'ws://localhost:5173/' failed: Error during WebSocket handshake: Unexpected response code: 404 @ http://localhost:5173/@vite/client:1034
[ 4589409ms] [ERROR] WebSocket connection to 'ws://localhost:5173/' failed: Error during WebSocket handshake: Unexpected response code: 404 @ http://localhost:5173/@vite/client:1034
[ 4592365ms] [ERROR] WebSocket connection to 'ws://localhost:5173/' failed: Error during WebSocket handshake: Unexpected response code: 404 @ http://localhost:5173/@vite/client:1034
[ 4594708ms] [ERROR] WebSocket connection to 'ws://localhost:5173/' failed: Error during WebSocket handshake: Unexpected response code: 404 @ http://localhost:5173/@vite/client:1034
[ 4599422ms] [ERROR] WebSocket connection to 'ws://localhost:5173/' failed: Error during WebSocket handshake: Unexpected response code: 404 @ http://localhost:5173/@vite/client:1034
[ 4602469ms] [ERROR] WebSocket connection to 'ws://localhost:5173/' failed: Error during WebSocket handshake: Unexpected response code: 404 @ http://localhost:5173/@vite/client:1034
[ 4605008ms] [ERROR] WebSocket connection to 'ws://localhost:5173/' failed: Error during WebSocket handshake: Unexpected response code: 404 @ http://localhost:5173/@vite/client:1034
[ 4607220ms] [ERROR] WebSocket connection to 'ws://localhost:5173/' failed: Error during WebSocket handshake: Unexpected response code: 404 @ http://localhost:5173/@vite/client:1034
[ 4612264ms] [ERROR] WebSocket connection to 'ws://localhost:5173/' failed: Error during WebSocket handshake: Unexpected response code: 404 @ http://localhost:5173/@vite/client:1034
[ 4617971ms] [ERROR] WebSocket connection to 'ws://localhost:5173/' failed: Error during WebSocket handshake: Unexpected response code: 404 @ http://localhost:5173/@vite/client:1034
[ 4621854ms] [ERROR] WebSocket connection to 'ws://localhost:5173/' failed: Error during WebSocket handshake: Unexpected response code: 404 @ http://localhost:5173/@vite/client:1034
[ 4625014ms] [ERROR] WebSocket connection to 'ws://localhost:5173/' failed: Error during WebSocket handshake: Unexpected response code: 404 @ http://localhost:5173/@vite/client:1034
[ 4627094ms] [ERROR] WebSocket connection to 'ws://localhost:5173/' failed: Error during WebSocket handshake: Unexpected response code: 404 @ http://localhost:5173/@vite/client:1034
[ 4630659ms] [ERROR] WebSocket connection to 'ws://localhost:5173/' failed: Error during WebSocket handshake: Unexpected response code: 404 @ http://localhost:5173/@vite/client:1034
[ 4634020ms] [ERROR] WebSocket connection to 'ws://localhost:5173/' failed: Error during WebSocket handshake: Unexpected response code: 404 @ http://localhost:5173/@vite/client:1034
[ 4638094ms] [ERROR] WebSocket connection to 'ws://localhost:5173/' failed: Error during WebSocket handshake: Unexpected response code: 404 @ http://localhost:5173/@vite/client:1034
[ 4640323ms] [ERROR] WebSocket connection to 'ws://localhost:5173/' failed: Error during WebSocket handshake: Unexpected response code: 404 @ http://localhost:5173/@vite/client:1034
[ 4644942ms] [ERROR] WebSocket connection to 'ws://localhost:5173/' failed: Error during WebSocket handshake: Unexpected response code: 404 @ http://localhost:5173/@vite/client:1034
[ 4649337ms] [ERROR] WebSocket connection to 'ws://localhost:5173/' failed: Error during WebSocket handshake: Unexpected response code: 404 @ http://localhost:5173/@vite/client:1034
[ 4652562ms] [ERROR] WebSocket connection to 'ws://localhost:5173/' failed: Error during WebSocket handshake: Unexpected response code: 404 @ http://localhost:5173/@vite/client:1034
[ 4654617ms] [ERROR] WebSocket connection to 'ws://localhost:5173/' failed: Error during WebSocket handshake: Unexpected response code: 404 @ http://localhost:5173/@vite/client:1034
[ 4658307ms] [ERROR] WebSocket connection to 'ws://localhost:5173/' failed: Error during WebSocket handshake: Unexpected response code: 404 @ http://localhost:5173/@vite/client:1034
[ 4662120ms] [ERROR] WebSocket connection to 'ws://localhost:5173/' failed: Error during WebSocket handshake: Unexpected response code: 404 @ http://localhost:5173/@vite/client:1034
[ 4664447ms] [ERROR] WebSocket connection to 'ws://localhost:5173/' failed: Error during WebSocket handshake: Unexpected response code: 404 @ http://localhost:5173/@vite/client:1034
[ 4669067ms] [ERROR] WebSocket connection to 'ws://localhost:5173/' failed: Error during WebSocket handshake: Unexpected response code: 404 @ http://localhost:5173/@vite/client:1034
[ 4672531ms] [ERROR] WebSocket connection to 'ws://localhost:5173/' failed: Error during WebSocket handshake: Unexpected response code: 404 @ http://localhost:5173/@vite/client:1034
[ 4676182ms] [ERROR] WebSocket connection to 'ws://localhost:5173/' failed: Error during WebSocket handshake: Unexpected response code: 404 @ http://localhost:5173/@vite/client:1034
[ 4677193ms] [ERROR] WebSocket connection to 'ws://localhost:5173/' failed: Error during WebSocket handshake: Unexpected response code: 404 @ http://localhost:5173/@vite/client:1034
[ 4678211ms] [ERROR] WebSocket connection to 'ws://localhost:5173/' failed: Error during WebSocket handshake: Unexpected response code: 404 @ http://localhost:5173/@vite/client:1034
[ 4679219ms] [ERROR] WebSocket connection to 'ws://localhost:5173/' failed: Error during WebSocket handshake: Unexpected response code: 404 @ http://localhost:5173/@vite/client:1034
[ 4680228ms] [ERROR] WebSocket connection to 'ws://localhost:5173/' failed: Error during WebSocket handshake: Unexpected response code: 404 @ http://localhost:5173/@vite/client:1034
[ 4681240ms] [ERROR] WebSocket connection to 'ws://localhost:5173/' failed: Error during WebSocket handshake: Unexpected response code: 404 @ http://localhost:5173/@vite/client:1034
[ 4682252ms] [ERROR] WebSocket connection to 'ws://localhost:5173/' failed: Error during WebSocket handshake: Unexpected response code: 404 @ http://localhost:5173/@vite/client:1034
[ 4683274ms] [ERROR] WebSocket connection to 'ws://localhost:5173/' failed: Error during WebSocket handshake: Unexpected response code: 404 @ http://localhost:5173/@vite/client:1034
[ 4684306ms] [ERROR] WebSocket connection to 'ws://localhost:5173/' failed: Error during WebSocket handshake: Unexpected response code: 404 @ http://localhost:5173/@vite/client:1034
[ 4685363ms] [ERROR] WebSocket connection to 'ws://localhost:5173/' failed: Error during WebSocket handshake: Unexpected response code: 404 @ http://localhost:5173/@vite/client:1034
[ 4686404ms] [ERROR] WebSocket connection to 'ws://localhost:5173/' failed: Error during WebSocket handshake: Unexpected response code: 404 @ http://localhost:5173/@vite/client:1034
[ 4687568ms] [ERROR] WebSocket connection to 'ws://localhost:5173/' failed: Error during WebSocket handshake: Unexpected response code: 404 @ http://localhost:5173/@vite/client:1034
[ 4688819ms] [ERROR] WebSocket connection to 'ws://localhost:5173/' failed: Error during WebSocket handshake: Unexpected response code: 404 @ http://localhost:5173/@vite/client:1034
[ 4690359ms] [ERROR] WebSocket connection to 'ws://localhost:5173/' failed: Error during WebSocket handshake: Unexpected response code: 404 @ http://localhost:5173/@vite/client:1034
[ 4692096ms] [ERROR] WebSocket connection to 'ws://localhost:5173/' failed: Error during WebSocket handshake: Unexpected response code: 404 @ http://localhost:5173/@vite/client:1034
[ 4694966ms] [ERROR] WebSocket connection to 'ws://localhost:5173/' failed: Error during WebSocket handshake: Unexpected response code: 404 @ http://localhost:5173/@vite/client:1034
[ 4698004ms] [ERROR] WebSocket connection to 'ws://localhost:5173/' failed: Error during WebSocket handshake: Unexpected response code: 404 @ http://localhost:5173/@vite/client:1034
[ 4703918ms] [ERROR] WebSocket connection to 'ws://localhost:5173/' failed: Error during WebSocket handshake: Unexpected response code: 404 @ http://localhost:5173/@vite/client:1034
[ 4709412ms] [ERROR] WebSocket connection to 'ws://localhost:5173/' failed: Error during WebSocket handshake: Unexpected response code: 404 @ http://localhost:5173/@vite/client:1034
[ 4712760ms] [ERROR] WebSocket connection to 'ws://localhost:5173/' failed: Error during WebSocket handshake: Unexpected response code: 404 @ http://localhost:5173/@vite/client:1034
[ 4715693ms] [ERROR] WebSocket connection to 'ws://localhost:5173/' failed: Error during WebSocket handshake: Unexpected response code: 404 @ http://localhost:5173/@vite/client:1034
[ 4719734ms] [ERROR] WebSocket connection to 'ws://localhost:5173/' failed: Error during WebSocket handshake: Unexpected response code: 404 @ http://localhost:5173/@vite/client:1034
[ 4724097ms] [ERROR] WebSocket connection to 'ws://localhost:5173/' failed: Error during WebSocket handshake: Unexpected response code: 404 @ http://localhost:5173/@vite/client:1034
[ 4726729ms] [ERROR] WebSocket connection to 'ws://localhost:5173/' failed: Error during WebSocket handshake: Unexpected response code: 404 @ http://localhost:5173/@vite/client:1034
[ 4730132ms] [ERROR] WebSocket connection to 'ws://localhost:5173/' failed: Error during WebSocket handshake: Unexpected response code: 404 @ http://localhost:5173/@vite/client:1034
[ 4734915ms] [ERROR] WebSocket connection to 'ws://localhost:5173/' failed: Error during WebSocket handshake: Unexpected response code: 404 @ http://localhost:5173/@vite/client:1034
[ 4736970ms] [ERROR] WebSocket connection to 'ws://localhost:5173/' failed: Error during WebSocket handshake: Unexpected response code: 404 @ http://localhost:5173/@vite/client:1034
[ 4739297ms] [ERROR] WebSocket connection to 'ws://localhost:5173/' failed: Error during WebSocket handshake: Unexpected response code: 404 @ http://localhost:5173/@vite/client:1034
[ 4744869ms] [ERROR] WebSocket connection to 'ws://localhost:5173/' failed: Error during WebSocket handshake: Unexpected response code: 404 @ http://localhost:5173/@vite/client:1034
[ 4750334ms] [ERROR] WebSocket connection to 'ws://localhost:5173/' failed: Error during WebSocket handshake: Unexpected response code: 404 @ http://localhost:5173/@vite/client:1034
[ 4753125ms] [ERROR] WebSocket connection to 'ws://localhost:5173/' failed: Error during WebSocket handshake: Unexpected response code: 404 @ http://localhost:5173/@vite/client:1034
[ 4755267ms] [ERROR] WebSocket connection to 'ws://localhost:5173/' failed: Error during WebSocket handshake: Unexpected response code: 404 @ http://localhost:5173/@vite/client:1034
[ 4759145ms] [ERROR] WebSocket connection to 'ws://localhost:5173/' failed: Error during WebSocket handshake: Unexpected response code: 404 @ http://localhost:5173/@vite/client:1034
[ 4761728ms] [ERROR] WebSocket connection to 'ws://localhost:5173/' failed: Error during WebSocket handshake: Unexpected response code: 404 @ http://localhost:5173/@vite/client:1034
[ 4764819ms] [ERROR] WebSocket connection to 'ws://localhost:5173/' failed: Error during WebSocket handshake: Unexpected response code: 404 @ http://localhost:5173/@vite/client:1034
[ 4767394ms] [ERROR] WebSocket connection to 'ws://localhost:5173/' failed: Error during WebSocket handshake: Unexpected response code: 404 @ http://localhost:5173/@vite/client:1034
[ 4771800ms] [ERROR] WebSocket connection to 'ws://localhost:5173/' failed: Error during WebSocket handshake: Unexpected response code: 404 @ http://localhost:5173/@vite/client:1034
[ 4775960ms] [ERROR] WebSocket connection to 'ws://localhost:5173/' failed: Error during WebSocket handshake: Unexpected response code: 404 @ http://localhost:5173/@vite/client:1034
[ 4779376ms] [ERROR] WebSocket connection to 'ws://localhost:5173/' failed: Error during WebSocket handshake: Unexpected response code: 404 @ http://localhost:5173/@vite/client:1034
[ 4783066ms] [ERROR] WebSocket connection to 'ws://localhost:5173/' failed: Error during WebSocket handshake: Unexpected response code: 404 @ http://localhost:5173/@vite/client:1034
[ 4786330ms] [ERROR] WebSocket connection to 'ws://localhost:5173/' failed: Error during WebSocket handshake: Unexpected response code: 404 @ http://localhost:5173/@vite/client:1034
[ 4788653ms] [ERROR] WebSocket connection to 'ws://localhost:5173/' failed: Error during WebSocket handshake: Unexpected response code: 404 @ http://localhost:5173/@vite/client:1034
[ 4793414ms] [ERROR] WebSocket connection to 'ws://localhost:5173/' failed: Error during WebSocket handshake: Unexpected response code: 404 @ http://localhost:5173/@vite/client:1034
[ 4799137ms] [ERROR] WebSocket connection to 'ws://localhost:5173/' failed: Error during WebSocket handshake: Unexpected response code: 404 @ http://localhost:5173/@vite/client:1034
[ 4802365ms] [ERROR] WebSocket connection to 'ws://localhost:5173/' failed: Error during WebSocket handshake: Unexpected response code: 404 @ http://localhost:5173/@vite/client:1034
[ 4806515ms] [ERROR] WebSocket connection to 'ws://localhost:5173/' failed: Error during WebSocket handshake: Unexpected response code: 404 @ http://localhost:5173/@vite/client:1034
[ 4811523ms] [ERROR] WebSocket connection to 'ws://localhost:5173/' failed: Error during WebSocket handshake: Unexpected response code: 404 @ http://localhost:5173/@vite/client:1034
[ 4815592ms] [ERROR] WebSocket connection to 'ws://localhost:5173/' failed: Error during WebSocket handshake: Unexpected response code: 404 @ http://localhost:5173/@vite/client:1034
[ 4820112ms] [ERROR] WebSocket connection to 'ws://localhost:5173/' failed: Error during WebSocket handshake: Unexpected response code: 404 @ http://localhost:5173/@vite/client:1034
[ 4824529ms] [ERROR] WebSocket connection to 'ws://localhost:5173/' failed: Error during WebSocket handshake: Unexpected response code: 404 @ http://localhost:5173/@vite/client:1034
[ 4830099ms] [ERROR] WebSocket connection to 'ws://localhost:5173/' failed: Error during WebSocket handshake: Unexpected response code: 404 @ http://localhost:5173/@vite/client:1034
[ 4835652ms] [ERROR] WebSocket connection to 'ws://localhost:5173/' failed: Error during WebSocket handshake: Unexpected response code: 404 @ http://localhost:5173/@vite/client:1034
[ 4839440ms] [ERROR] WebSocket connection to 'ws://localhost:5173/' failed: Error during WebSocket handshake: Unexpected response code: 404 @ http://localhost:5173/@vite/client:1034
[ 4843916ms] [ERROR] WebSocket connection to 'ws://localhost:5173/' failed: Error during WebSocket handshake: Unexpected response code: 404 @ http://localhost:5173/@vite/client:1034
[ 4847675ms] [ERROR] WebSocket connection to 'ws://localhost:5173/' failed: Error during WebSocket handshake: Unexpected response code: 404 @ http://localhost:5173/@vite/client:1034
[ 4852117ms] [ERROR] WebSocket connection to 'ws://localhost:5173/' failed: Error during WebSocket handshake: Unexpected response code: 404 @ http://localhost:5173/@vite/client:1034
[ 4857505ms] [ERROR] WebSocket connection to 'ws://localhost:5173/' failed: Error during WebSocket handshake: Unexpected response code: 404 @ http://localhost:5173/@vite/client:1034
[ 4860456ms] [ERROR] WebSocket connection to 'ws://localhost:5173/' failed: Error during WebSocket handshake: Unexpected response code: 404 @ http://localhost:5173/@vite/client:1034
[ 4863596ms] [ERROR] WebSocket connection to 'ws://localhost:5173/' failed: Error during WebSocket handshake: Unexpected response code: 404 @ http://localhost:5173/@vite/client:1034
[ 4865759ms] [ERROR] WebSocket connection to 'ws://localhost:5173/' failed: Error during WebSocket handshake: Unexpected response code: 404 @ http://localhost:5173/@vite/client:1034
[ 4868600ms] [ERROR] WebSocket connection to 'ws://localhost:5173/' failed: Error during WebSocket handshake: Unexpected response code: 404 @ http://localhost:5173/@vite/client:1034
[ 4874365ms] [ERROR] WebSocket connection to 'ws://localhost:5173/' failed: Error during WebSocket handshake: Unexpected response code: 404 @ http://localhost:5173/@vite/client:1034
[ 4879477ms] [ERROR] WebSocket connection to 'ws://localhost:5173/' failed: Error during WebSocket handshake: Unexpected response code: 404 @ http://localhost:5173/@vite/client:1034
[ 4882340ms] [ERROR] WebSocket connection to 'ws://localhost:5173/' failed: Error during WebSocket handshake: Unexpected response code: 404 @ http://localhost:5173/@vite/client:1034
[ 4885422ms] [ERROR] WebSocket connection to 'ws://localhost:5173/' failed: Error during WebSocket handshake: Unexpected response code: 404 @ http://localhost:5173/@vite/client:1034
[ 4887446ms] [ERROR] WebSocket connection to 'ws://localhost:5173/' failed: Error during WebSocket handshake: Unexpected response code: 404 @ http://localhost:5173/@vite/client:1034
[ 4891461ms] [ERROR] WebSocket connection to 'ws://localhost:5173/' failed: Error during WebSocket handshake: Unexpected response code: 404 @ http://localhost:5173/@vite/client:1034
[ 4897138ms] [ERROR] WebSocket connection to 'ws://localhost:5173/' failed: Error during WebSocket handshake: Unexpected response code: 404 @ http://localhost:5173/@vite/client:1034
[ 4899299ms] [ERROR] WebSocket connection to 'ws://localhost:5173/' failed: Error during WebSocket handshake: Unexpected response code: 404 @ http://localhost:5173/@vite/client:1034
[ 4902260ms] [ERROR] WebSocket connection to 'ws://localhost:5173/' failed: Error during WebSocket handshake: Unexpected response code: 404 @ http://localhost:5173/@vite/client:1034
[ 4907933ms] [ERROR] WebSocket connection to 'ws://localhost:5173/' failed: Error during WebSocket handshake: Unexpected response code: 404 @ http://localhost:5173/@vite/client:1034
[ 4910567ms] [ERROR] WebSocket connection to 'ws://localhost:5173/' failed: Error during WebSocket handshake: Unexpected response code: 404 @ http://localhost:5173/@vite/client:1034
[ 4914464ms] [ERROR] WebSocket connection to 'ws://localhost:5173/' failed: Error during WebSocket handshake: Unexpected response code: 404 @ http://localhost:5173/@vite/client:1034
[ 4917586ms] [ERROR] WebSocket connection to 'ws://localhost:5173/' failed: Error during WebSocket handshake: Unexpected response code: 404 @ http://localhost:5173/@vite/client:1034
[ 4923373ms] [ERROR] WebSocket connection to 'ws://localhost:5173/' failed: Error during WebSocket handshake: Unexpected response code: 404 @ http://localhost:5173/@vite/client:1034
[ 4926484ms] [ERROR] WebSocket connection to 'ws://localhost:5173/' failed: Error during WebSocket handshake: Unexpected response code: 404 @ http://localhost:5173/@vite/client:1034
[ 4929434ms] [ERROR] WebSocket connection to 'ws://localhost:5173/' failed: Error during WebSocket handshake: Unexpected response code: 404 @ http://localhost:5173/@vite/client:1034
[ 4934967ms] [ERROR] WebSocket connection to 'ws://localhost:5173/' failed: Error during WebSocket handshake: Unexpected response code: 404 @ http://localhost:5173/@vite/client:1034
[ 4938003ms] [ERROR] WebSocket connection to 'ws://localhost:5173/' failed: Error during WebSocket handshake: Unexpected response code: 404 @ http://localhost:5173/@vite/client:1034
[ 4941720ms] [ERROR] WebSocket connection to 'ws://localhost:5173/' failed: Error during WebSocket handshake: Unexpected response code: 404 @ http://localhost:5173/@vite/client:1034
[ 4945229ms] [ERROR] WebSocket connection to 'ws://localhost:5173/' failed: Error during WebSocket handshake: Unexpected response code: 404 @ http://localhost:5173/@vite/client:1034
[ 4951086ms] [ERROR] WebSocket connection to 'ws://localhost:5173/' failed: Error during WebSocket handshake: Unexpected response code: 404 @ http://localhost:5173/@vite/client:1034
[ 4954101ms] [ERROR] WebSocket connection to 'ws://localhost:5173/' failed: Error during WebSocket handshake: Unexpected response code: 404 @ http://localhost:5173/@vite/client:1034
[ 4957132ms] [ERROR] WebSocket connection to 'ws://localhost:5173/' failed: Error during WebSocket handshake: Unexpected response code: 404 @ http://localhost:5173/@vite/client:1034
[ 4959602ms] [ERROR] WebSocket connection to 'ws://localhost:5173/' failed: Error during WebSocket handshake: Unexpected response code: 404 @ http://localhost:5173/@vite/client:1034
[ 4961865ms] [ERROR] WebSocket connection to 'ws://localhost:5173/' failed: Error during WebSocket handshake: Unexpected response code: 404 @ http://localhost:5173/@vite/client:1034
[ 4966234ms] [ERROR] WebSocket connection to 'ws://localhost:5173/' failed: Error during WebSocket handshake: Unexpected response code: 404 @ http://localhost:5173/@vite/client:1034
[ 4971943ms] [ERROR] WebSocket connection to 'ws://localhost:5173/' failed: Error during WebSocket handshake: Unexpected response code: 404 @ http://localhost:5173/@vite/client:1034
[ 4975719ms] [ERROR] WebSocket connection to 'ws://localhost:5173/' failed: Error during WebSocket handshake: Unexpected response code: 404 @ http://localhost:5173/@vite/client:1034
[ 4979691ms] [ERROR] WebSocket connection to 'ws://localhost:5173/' failed: Error during WebSocket handshake: Unexpected response code: 404 @ http://localhost:5173/@vite/client:1034
[ 4982149ms] [ERROR] WebSocket connection to 'ws://localhost:5173/' failed: Error during WebSocket handshake: Unexpected response code: 404 @ http://localhost:5173/@vite/client:1034
[ 4987858ms] [ERROR] WebSocket connection to 'ws://localhost:5173/' failed: Error during WebSocket handshake: Unexpected response code: 404 @ http://localhost:5173/@vite/client:1034
[ 4993166ms] [ERROR] WebSocket connection to 'ws://localhost:5173/' failed: Error during WebSocket handshake: Unexpected response code: 404 @ http://localhost:5173/@vite/client:1034
[ 4998766ms] [ERROR] WebSocket connection to 'ws://localhost:5173/' failed: Error during WebSocket handshake: Unexpected response code: 404 @ http://localhost:5173/@vite/client:1034
[ 5004543ms] [ERROR] WebSocket connection to 'ws://localhost:5173/' failed: Error during WebSocket handshake: Unexpected response code: 404 @ http://localhost:5173/@vite/client:1034
[ 5007712ms] [ERROR] WebSocket connection to 'ws://localhost:5173/' failed: Error during WebSocket handshake: Unexpected response code: 404 @ http://localhost:5173/@vite/client:1034
[ 5012620ms] [ERROR] WebSocket connection to 'ws://localhost:5173/' failed: Error during WebSocket handshake: Unexpected response code: 404 @ http://localhost:5173/@vite/client:1034
[ 5014800ms] [ERROR] WebSocket connection to 'ws://localhost:5173/' failed: Error during WebSocket handshake: Unexpected response code: 404 @ http://localhost:5173/@vite/client:1034
[ 5018640ms] [ERROR] WebSocket connection to 'ws://localhost:5173/' failed: Error during WebSocket handshake: Unexpected response code: 404 @ http://localhost:5173/@vite/client:1034
[ 5022027ms] [ERROR] WebSocket connection to 'ws://localhost:5173/' failed: Error during WebSocket handshake: Unexpected response code: 404 @ http://localhost:5173/@vite/client:1034
[ 5025292ms] [ERROR] WebSocket connection to 'ws://localhost:5173/' failed: Error during WebSocket handshake: Unexpected response code: 404 @ http://localhost:5173/@vite/client:1034
[ 5029046ms] [ERROR] WebSocket connection to 'ws://localhost:5173/' failed: Error during WebSocket handshake: Unexpected response code: 404 @ http://localhost:5173/@vite/client:1034
[ 5034852ms] [ERROR] WebSocket connection to 'ws://localhost:5173/' failed: Error during WebSocket handshake: Unexpected response code: 404 @ http://localhost:5173/@vite/client:1034
[ 5039588ms] [ERROR] WebSocket connection to 'ws://localhost:5173/' failed: Error during WebSocket handshake: Unexpected response code: 404 @ http://localhost:5173/@vite/client:1034
[ 5043903ms] [ERROR] WebSocket connection to 'ws://localhost:5173/' failed: Error during WebSocket handshake: Unexpected response code: 404 @ http://localhost:5173/@vite/client:1034
[ 5046201ms] [ERROR] WebSocket connection to 'ws://localhost:5173/' failed: Error during WebSocket handshake: Unexpected response code: 404 @ http://localhost:5173/@vite/client:1034
[ 5051227ms] [ERROR] WebSocket connection to 'ws://localhost:5173/' failed: Error during WebSocket handshake: Unexpected response code: 404 @ http://localhost:5173/@vite/client:1034
[ 5057209ms] [ERROR] WebSocket connection to 'ws://localhost:5173/' failed: Error during WebSocket handshake: Unexpected response code: 404 @ http://localhost:5173/@vite/client:1034
[ 5061927ms] [ERROR] WebSocket connection to 'ws://localhost:5173/' failed: Error during WebSocket handshake: Unexpected response code: 404 @ http://localhost:5173/@vite/client:1034
[ 5064782ms] [ERROR] WebSocket connection to 'ws://localhost:5173/' failed: Error during WebSocket handshake: Unexpected response code: 404 @ http://localhost:5173/@vite/client:1034
[ 5068065ms] [ERROR] WebSocket connection to 'ws://localhost:5173/' failed: Error during WebSocket handshake: Unexpected response code: 404 @ http://localhost:5173/@vite/client:1034
[ 5070633ms] [ERROR] WebSocket connection to 'ws://localhost:5173/' failed: Error during WebSocket handshake: Unexpected response code: 404 @ http://localhost:5173/@vite/client:1034
[ 5074375ms] [ERROR] WebSocket connection to 'ws://localhost:5173/' failed: Error during WebSocket handshake: Unexpected response code: 404 @ http://localhost:5173/@vite/client:1034
[ 5079286ms] [ERROR] WebSocket connection to 'ws://localhost:5173/' failed: Error during WebSocket handshake: Unexpected response code: 404 @ http://localhost:5173/@vite/client:1034
[ 5083996ms] [ERROR] WebSocket connection to 'ws://localhost:5173/' failed: Error during WebSocket handshake: Unexpected response code: 404 @ http://localhost:5173/@vite/client:1034
[ 5086417ms] [ERROR] WebSocket connection to 'ws://localhost:5173/' failed: Error during WebSocket handshake: Unexpected response code: 404 @ http://localhost:5173/@vite/client:1034
[ 5092363ms] [ERROR] WebSocket connection to 'ws://localhost:5173/' failed: Error during WebSocket handshake: Unexpected response code: 404 @ http://localhost:5173/@vite/client:1034
[ 5096340ms] [ERROR] WebSocket connection to 'ws://localhost:5173/' failed: Error during WebSocket handshake: Unexpected response code: 404 @ http://localhost:5173/@vite/client:1034
[ 5099136ms] [ERROR] WebSocket connection to 'ws://localhost:5173/' failed: Error during WebSocket handshake: Unexpected response code: 404 @ http://localhost:5173/@vite/client:1034
[ 5102839ms] [ERROR] WebSocket connection to 'ws://localhost:5173/' failed: Error during WebSocket handshake: Unexpected response code: 404 @ http://localhost:5173/@vite/client:1034
[ 5107629ms] [ERROR] WebSocket connection to 'ws://localhost:5173/' failed: Error during WebSocket handshake: Unexpected response code: 404 @ http://localhost:5173/@vite/client:1034
[ 5109929ms] [ERROR] WebSocket connection to 'ws://localhost:5173/' failed: Error during WebSocket handshake: Unexpected response code: 404 @ http://localhost:5173/@vite/client:1034
[ 5114551ms] [ERROR] WebSocket connection to 'ws://localhost:5173/' failed: Error during WebSocket handshake: Unexpected response code: 404 @ http://localhost:5173/@vite/client:1034
[ 5118731ms] [ERROR] WebSocket connection to 'ws://localhost:5173/' failed: Error during WebSocket handshake: Unexpected response code: 404 @ http://localhost:5173/@vite/client:1034
[ 5124749ms] [ERROR] WebSocket connection to 'ws://localhost:5173/' failed: Error during WebSocket handshake: Unexpected response code: 404 @ http://localhost:5173/@vite/client:1034
[ 5128884ms] [ERROR] WebSocket connection to 'ws://localhost:5173/' failed: Error during WebSocket handshake: Unexpected response code: 404 @ http://localhost:5173/@vite/client:1034
[ 5131027ms] [ERROR] WebSocket connection to 'ws://localhost:5173/' failed: Error during WebSocket handshake: Unexpected response code: 404 @ http://localhost:5173/@vite/client:1034
[ 5135363ms] [ERROR] WebSocket connection to 'ws://localhost:5173/' failed: Error during WebSocket handshake: Unexpected response code: 404 @ http://localhost:5173/@vite/client:1034
[ 5140235ms] [ERROR] WebSocket connection to 'ws://localhost:5173/' failed: Error during WebSocket handshake: Unexpected response code: 404 @ http://localhost:5173/@vite/client:1034
[ 5142578ms] [ERROR] WebSocket connection to 'ws://localhost:5173/' failed: Error during WebSocket handshake: Unexpected response code: 404 @ http://localhost:5173/@vite/client:1034
[ 5145693ms] [ERROR] WebSocket connection to 'ws://localhost:5173/' failed: Error during WebSocket handshake: Unexpected response code: 404 @ http://localhost:5173/@vite/client:1034
[ 5150603ms] [ERROR] WebSocket connection to 'ws://localhost:5173/' failed: Error during WebSocket handshake: Unexpected response code: 404 @ http://localhost:5173/@vite/client:1034
[ 5155555ms] [ERROR] WebSocket connection to 'ws://localhost:5173/' failed: Error during WebSocket handshake: Unexpected response code: 404 @ http://localhost:5173/@vite/client:1034
[ 5159379ms] [ERROR] WebSocket connection to 'ws://localhost:5173/' failed: Error during WebSocket handshake: Unexpected response code: 404 @ http://localhost:5173/@vite/client:1034
[ 5161966ms] [ERROR] WebSocket connection to 'ws://localhost:5173/' failed: Error during WebSocket handshake: Unexpected response code: 404 @ http://localhost:5173/@vite/client:1034
[ 5167381ms] [ERROR] WebSocket connection to 'ws://localhost:5173/' failed: Error during WebSocket handshake: Unexpected response code: 404 @ http://localhost:5173/@vite/client:1034
[ 5171386ms] [ERROR] WebSocket connection to 'ws://localhost:5173/' failed: Error during WebSocket handshake: Unexpected response code: 404 @ http://localhost:5173/@vite/client:1034
[ 5174225ms] [ERROR] WebSocket connection to 'ws://localhost:5173/' failed: Error during WebSocket handshake: Unexpected response code: 404 @ http://localhost:5173/@vite/client:1034
[ 5179720ms] [ERROR] WebSocket connection to 'ws://localhost:5173/' failed: Error during WebSocket handshake: Unexpected response code: 404 @ http://localhost:5173/@vite/client:1034
[ 5185169ms] [ERROR] WebSocket connection to 'ws://localhost:5173/' failed: Error during WebSocket handshake: Unexpected response code: 404 @ http://localhost:5173/@vite/client:1034
[ 5187766ms] [ERROR] WebSocket connection to 'ws://localhost:5173/' failed: Error during WebSocket handshake: Unexpected response code: 404 @ http://localhost:5173/@vite/client:1034
[ 5190120ms] [ERROR] WebSocket connection to 'ws://localhost:5173/' failed: Error during WebSocket handshake: Unexpected response code: 404 @ http://localhost:5173/@vite/client:1034
[ 5194294ms] [ERROR] WebSocket connection to 'ws://localhost:5173/' failed: Error during WebSocket handshake: Unexpected response code: 404 @ http://localhost:5173/@vite/client:1034
[ 5199844ms] [ERROR] WebSocket connection to 'ws://localhost:5173/' failed: Error during WebSocket handshake: Unexpected response code: 404 @ http://localhost:5173/@vite/client:1034
[ 5203176ms] [ERROR] WebSocket connection to 'ws://localhost:5173/' failed: Error during WebSocket handshake: Unexpected response code: 404 @ http://localhost:5173/@vite/client:1034
[ 5205349ms] [ERROR] WebSocket connection to 'ws://localhost:5173/' failed: Error during WebSocket handshake: Unexpected response code: 404 @ http://localhost:5173/@vite/client:1034
[ 5207856ms] [ERROR] WebSocket connection to 'ws://localhost:5173/' failed: Error during WebSocket handshake: Unexpected response code: 404 @ http://localhost:5173/@vite/client:1034
[ 5211911ms] [ERROR] WebSocket connection to 'ws://localhost:5173/' failed: Error during WebSocket handshake: Unexpected response code: 404 @ http://localhost:5173/@vite/client:1034
[ 5217428ms] [ERROR] WebSocket connection to 'ws://localhost:5173/' failed: Error during WebSocket handshake: Unexpected response code: 404 @ http://localhost:5173/@vite/client:1034
[ 5222982ms] [ERROR] WebSocket connection to 'ws://localhost:5173/' failed: Error during WebSocket handshake: Unexpected response code: 404 @ http://localhost:5173/@vite/client:1034
[ 5225554ms] [ERROR] WebSocket connection to 'ws://localhost:5173/' failed: Error during WebSocket handshake: Unexpected response code: 404 @ http://localhost:5173/@vite/client:1034
[ 5231171ms] [ERROR] WebSocket connection to 'ws://localhost:5173/' failed: Error during WebSocket handshake: Unexpected response code: 404 @ http://localhost:5173/@vite/client:1034
[ 5236960ms] [ERROR] WebSocket connection to 'ws://localhost:5173/' failed: Error during WebSocket handshake: Unexpected response code: 404 @ http://localhost:5173/@vite/client:1034
[ 5241843ms] [ERROR] WebSocket connection to 'ws://localhost:5173/' failed: Error during WebSocket handshake: Unexpected response code: 404 @ http://localhost:5173/@vite/client:1034
[ 5245918ms] [ERROR] WebSocket connection to 'ws://localhost:5173/' failed: Error during WebSocket handshake: Unexpected response code: 404 @ http://localhost:5173/@vite/client:1034
[ 5249882ms] [ERROR] WebSocket connection to 'ws://localhost:5173/' failed: Error during WebSocket handshake: Unexpected response code: 404 @ http://localhost:5173/@vite/client:1034
[ 5255679ms] [ERROR] WebSocket connection to 'ws://localhost:5173/' failed: Error during WebSocket handshake: Unexpected response code: 404 @ http://localhost:5173/@vite/client:1034
[ 5261636ms] [ERROR] WebSocket connection to 'ws://localhost:5173/' failed: Error during WebSocket handshake: Unexpected response code: 404 @ http://localhost:5173/@vite/client:1034
[ 5264577ms] [ERROR] WebSocket connection to 'ws://localhost:5173/' failed: Error during WebSocket handshake: Unexpected response code: 404 @ http://localhost:5173/@vite/client:1034
[ 5267369ms] [ERROR] WebSocket connection to 'ws://localhost:5173/' failed: Error during WebSocket handshake: Unexpected response code: 404 @ http://localhost:5173/@vite/client:1034
[ 5269958ms] [ERROR] WebSocket connection to 'ws://localhost:5173/' failed: Error during WebSocket handshake: Unexpected response code: 404 @ http://localhost:5173/@vite/client:1034
[ 5275962ms] [ERROR] WebSocket connection to 'ws://localhost:5173/' failed: Error during WebSocket handshake: Unexpected response code: 404 @ http://localhost:5173/@vite/client:1034
[ 5278346ms] [ERROR] WebSocket connection to 'ws://localhost:5173/' failed: Error during WebSocket handshake: Unexpected response code: 404 @ http://localhost:5173/@vite/client:1034
[ 5284320ms] [ERROR] WebSocket connection to 'ws://localhost:5173/' failed: Error during WebSocket handshake: Unexpected response code: 404 @ http://localhost:5173/@vite/client:1034
[ 5289626ms] [ERROR] WebSocket connection to 'ws://localhost:5173/' failed: Error during WebSocket handshake: Unexpected response code: 404 @ http://localhost:5173/@vite/client:1034
[ 5292829ms] [ERROR] WebSocket connection to 'ws://localhost:5173/' failed: Error during WebSocket handshake: Unexpected response code: 404 @ http://localhost:5173/@vite/client:1034
[ 5296443ms] [ERROR] WebSocket connection to 'ws://localhost:5173/' failed: Error during WebSocket handshake: Unexpected response code: 404 @ http://localhost:5173/@vite/client:1034
[ 5300897ms] [ERROR] WebSocket connection to 'ws://localhost:5173/' failed: Error during WebSocket handshake: Unexpected response code: 404 @ http://localhost:5173/@vite/client:1034
[ 5306750ms] [ERROR] WebSocket connection to 'ws://localhost:5173/' failed: Error during WebSocket handshake: Unexpected response code: 404 @ http://localhost:5173/@vite/client:1034
[ 5312554ms] [ERROR] WebSocket connection to 'ws://localhost:5173/' failed: Error during WebSocket handshake: Unexpected response code: 404 @ http://localhost:5173/@vite/client:1034
[ 5318162ms] [ERROR] WebSocket connection to 'ws://localhost:5173/' failed: Error during WebSocket handshake: Unexpected response code: 404 @ http://localhost:5173/@vite/client:1034
[ 5320322ms] [ERROR] WebSocket connection to 'ws://localhost:5173/' failed: Error during WebSocket handshake: Unexpected response code: 404 @ http://localhost:5173/@vite/client:1034
[ 5324813ms] [ERROR] WebSocket connection to 'ws://localhost:5173/' failed: Error during WebSocket handshake: Unexpected response code: 404 @ http://localhost:5173/@vite/client:1034
[ 5330328ms] [ERROR] WebSocket connection to 'ws://localhost:5173/' failed: Error during WebSocket handshake: Unexpected response code: 404 @ http://localhost:5173/@vite/client:1034
[ 5333659ms] [ERROR] WebSocket connection to 'ws://localhost:5173/' failed: Error during WebSocket handshake: Unexpected response code: 404 @ http://localhost:5173/@vite/client:1034
[ 5339022ms] [ERROR] WebSocket connection to 'ws://localhost:5173/' failed: Error during WebSocket handshake: Unexpected response code: 404 @ http://localhost:5173/@vite/client:1034
[ 5343794ms] [ERROR] WebSocket connection to 'ws://localhost:5173/' failed: Error during WebSocket handshake: Unexpected response code: 404 @ http://localhost:5173/@vite/client:1034
[ 5346941ms] [ERROR] WebSocket connection to 'ws://localhost:5173/' failed: Error during WebSocket handshake: Unexpected response code: 404 @ http://localhost:5173/@vite/client:1034
[ 5350654ms] [ERROR] WebSocket connection to 'ws://localhost:5173/' failed: Error during WebSocket handshake: Unexpected response code: 404 @ http://localhost:5173/@vite/client:1034
[ 5353780ms] [ERROR] WebSocket connection to 'ws://localhost:5173/' failed: Error during WebSocket handshake: Unexpected response code: 404 @ http://localhost:5173/@vite/client:1034
[ 5356101ms] [ERROR] WebSocket connection to 'ws://localhost:5173/' failed: Error during WebSocket handshake: Unexpected response code: 404 @ http://localhost:5173/@vite/client:1034
[ 5361768ms] [ERROR] WebSocket connection to 'ws://localhost:5173/' failed: Error during WebSocket handshake: Unexpected response code: 404 @ http://localhost:5173/@vite/client:1034
[ 5364415ms] [ERROR] WebSocket connection to 'ws://localhost:5173/' failed: Error during WebSocket handshake: Unexpected response code: 404 @ http://localhost:5173/@vite/client:1034
[ 5366433ms] [ERROR] WebSocket connection to 'ws://localhost:5173/' failed: Error during WebSocket handshake: Unexpected response code: 404 @ http://localhost:5173/@vite/client:1034
[ 5371819ms] [ERROR] WebSocket connection to 'ws://localhost:5173/' failed: Error during WebSocket handshake: Unexpected response code: 404 @ http://localhost:5173/@vite/client:1034
[ 5375440ms] [ERROR] WebSocket connection to 'ws://localhost:5173/' failed: Error during WebSocket handshake: Unexpected response code: 404 @ http://localhost:5173/@vite/client:1034
[ 5380865ms] [ERROR] WebSocket connection to 'ws://localhost:5173/' failed: Error during WebSocket handshake: Unexpected response code: 404 @ http://localhost:5173/@vite/client:1034
[ 5386879ms] [ERROR] WebSocket connection to 'ws://localhost:5173/' failed: Error during WebSocket handshake: Unexpected response code: 404 @ http://localhost:5173/@vite/client:1034
[ 5388992ms] [ERROR] WebSocket connection to 'ws://localhost:5173/' failed: Error during WebSocket handshake: Unexpected response code: 404 @ http://localhost:5173/@vite/client:1034
[ 5391965ms] [ERROR] WebSocket connection to 'ws://localhost:5173/' failed: Error during WebSocket handshake: Unexpected response code: 404 @ http://localhost:5173/@vite/client:1034
[ 5396477ms] [ERROR] WebSocket connection to 'ws://localhost:5173/' failed: Error during WebSocket handshake: Unexpected response code: 404 @ http://localhost:5173/@vite/client:1034
[ 5397488ms] [ERROR] WebSocket connection to 'ws://localhost:5173/' failed: Error during WebSocket handshake: Unexpected response code: 404 @ http://localhost:5173/@vite/client:1034
[ 5398498ms] [ERROR] WebSocket connection to 'ws://localhost:5173/' failed: Error during WebSocket handshake: Unexpected response code: 404 @ http://localhost:5173/@vite/client:1034
[ 5399507ms] [ERROR] WebSocket connection to 'ws://localhost:5173/' failed: Error during WebSocket handshake: Unexpected response code: 404 @ http://localhost:5173/@vite/client:1034
[ 5400518ms] [ERROR] WebSocket connection to 'ws://localhost:5173/' failed: Error during WebSocket handshake: Unexpected response code: 404 @ http://localhost:5173/@vite/client:1034
[ 5401530ms] [ERROR] WebSocket connection to 'ws://localhost:5173/' failed: Error during WebSocket handshake: Unexpected response code: 404 @ http://localhost:5173/@vite/client:1034
[ 5402545ms] [ERROR] WebSocket connection to 'ws://localhost:5173/' failed: Error during WebSocket handshake: Unexpected response code: 404 @ http://localhost:5173/@vite/client:1034
[ 5403569ms] [ERROR] WebSocket connection to 'ws://localhost:5173/' failed: Error during WebSocket handshake: Unexpected response code: 404 @ http://localhost:5173/@vite/client:1034
[ 5404593ms] [ERROR] WebSocket connection to 'ws://localhost:5173/' failed: Error during WebSocket handshake: Unexpected response code: 404 @ http://localhost:5173/@vite/client:1034
[ 5405613ms] [ERROR] WebSocket connection to 'ws://localhost:5173/' failed: Error during WebSocket handshake: Unexpected response code: 404 @ http://localhost:5173/@vite/client:1034
[ 5406684ms] [ERROR] WebSocket connection to 'ws://localhost:5173/' failed: Error during WebSocket handshake: Unexpected response code: 404 @ http://localhost:5173/@vite/client:1034
[ 5407761ms] [ERROR] WebSocket connection to 'ws://localhost:5173/' failed: Error during WebSocket handshake: Unexpected response code: 404 @ http://localhost:5173/@vite/client:1034
[ 5408926ms] [ERROR] WebSocket connection to 'ws://localhost:5173/' failed: Error during WebSocket handshake: Unexpected response code: 404 @ http://localhost:5173/@vite/client:1034
[ 5410128ms] [ERROR] WebSocket connection to 'ws://localhost:5173/' failed: Error during WebSocket handshake: Unexpected response code: 404 @ http://localhost:5173/@vite/client:1034
[ 5412158ms] [ERROR] WebSocket connection to 'ws://localhost:5173/' failed: Error during WebSocket handshake: Unexpected response code: 404 @ http://localhost:5173/@vite/client:1034
[ 5414210ms] [ERROR] WebSocket connection to 'ws://localhost:5173/' failed: Error during WebSocket handshake: Unexpected response code: 404 @ http://localhost:5173/@vite/client:1034
[ 5418002ms] [ERROR] WebSocket connection to 'ws://localhost:5173/' failed: Error during WebSocket handshake: Unexpected response code: 404 @ http://localhost:5173/@vite/client:1034
[ 5423943ms] [ERROR] WebSocket connection to 'ws://localhost:5173/' failed: Error during WebSocket handshake: Unexpected response code: 404 @ http://localhost:5173/@vite/client:1034
[ 5429053ms] [ERROR] WebSocket connection to 'ws://localhost:5173/' failed: Error during WebSocket handshake: Unexpected response code: 404 @ http://localhost:5173/@vite/client:1034
[ 5433997ms] [ERROR] WebSocket connection to 'ws://localhost:5173/' failed: Error during WebSocket handshake: Unexpected response code: 404 @ http://localhost:5173/@vite/client:1034
[ 5439493ms] [ERROR] WebSocket connection to 'ws://localhost:5173/' failed: Error during WebSocket handshake: Unexpected response code: 404 @ http://localhost:5173/@vite/client:1034
[ 5442585ms] [ERROR] WebSocket connection to 'ws://localhost:5173/' failed: Error during WebSocket handshake: Unexpected response code: 404 @ http://localhost:5173/@vite/client:1034
[ 5446731ms] [ERROR] WebSocket connection to 'ws://localhost:5173/' failed: Error during WebSocket handshake: Unexpected response code: 404 @ http://localhost:5173/@vite/client:1034
[ 5452610ms] [ERROR] WebSocket connection to 'ws://localhost:5173/' failed: Error during WebSocket handshake: Unexpected response code: 404 @ http://localhost:5173/@vite/client:1034
[ 5456466ms] [ERROR] WebSocket connection to 'ws://localhost:5173/' failed: Error during WebSocket handshake: Unexpected response code: 404 @ http://localhost:5173/@vite/client:1034
[ 5462043ms] [ERROR] WebSocket connection to 'ws://localhost:5173/' failed: Error during WebSocket handshake: Unexpected response code: 404 @ http://localhost:5173/@vite/client:1034
[ 5466997ms] [ERROR] WebSocket connection to 'ws://localhost:5173/' failed: Error during WebSocket handshake: Unexpected response code: 404 @ http://localhost:5173/@vite/client:1034
[ 5471647ms] [ERROR] WebSocket connection to 'ws://localhost:5173/' failed: Error during WebSocket handshake: Unexpected response code: 404 @ http://localhost:5173/@vite/client:1034
[ 5475856ms] [ERROR] WebSocket connection to 'ws://localhost:5173/' failed: Error during WebSocket handshake: Unexpected response code: 404 @ http://localhost:5173/@vite/client:1034
[ 5478041ms] [ERROR] WebSocket connection to 'ws://localhost:5173/' failed: Error during WebSocket handshake: Unexpected response code: 404 @ http://localhost:5173/@vite/client:1034
[ 5483582ms] [ERROR] WebSocket connection to 'ws://localhost:5173/' failed: Error during WebSocket handshake: Unexpected response code: 404 @ http://localhost:5173/@vite/client:1034
[ 5486193ms] [ERROR] WebSocket connection to 'ws://localhost:5173/' failed: Error during WebSocket handshake: Unexpected response code: 404 @ http://localhost:5173/@vite/client:1034
[ 5488460ms] [ERROR] WebSocket connection to 'ws://localhost:5173/' failed: Error during WebSocket handshake: Unexpected response code: 404 @ http://localhost:5173/@vite/client:1034
[ 5491559ms] [ERROR] WebSocket connection to 'ws://localhost:5173/' failed: Error during WebSocket handshake: Unexpected response code: 404 @ http://localhost:5173/@vite/client:1034
[ 5496405ms] [ERROR] WebSocket connection to 'ws://localhost:5173/' failed: Error during WebSocket handshake: Unexpected response code: 404 @ http://localhost:5173/@vite/client:1034
[ 5500886ms] [ERROR] WebSocket connection to 'ws://localhost:5173/' failed: Error during WebSocket handshake: Unexpected response code: 404 @ http://localhost:5173/@vite/client:1034
[ 5503526ms] [ERROR] WebSocket connection to 'ws://localhost:5173/' failed: Error during WebSocket handshake: Unexpected response code: 404 @ http://localhost:5173/@vite/client:1034
[ 5508320ms] [ERROR] WebSocket connection to 'ws://localhost:5173/' failed: Error during WebSocket handshake: Unexpected response code: 404 @ http://localhost:5173/@vite/client:1034
[ 5512998ms] [ERROR] WebSocket connection to 'ws://localhost:5173/' failed: Error during WebSocket handshake: Unexpected response code: 404 @ http://localhost:5173/@vite/client:1034
[ 5516396ms] [ERROR] WebSocket connection to 'ws://localhost:5173/' failed: Error during WebSocket handshake: Unexpected response code: 404 @ http://localhost:5173/@vite/client:1034
[ 5519510ms] [ERROR] WebSocket connection to 'ws://localhost:5173/' failed: Error during WebSocket handshake: Unexpected response code: 404 @ http://localhost:5173/@vite/client:1034
[ 5522431ms] [ERROR] WebSocket connection to 'ws://localhost:5173/' failed: Error during WebSocket handshake: Unexpected response code: 404 @ http://localhost:5173/@vite/client:1034
[ 5527766ms] [ERROR] WebSocket connection to 'ws://localhost:5173/' failed: Error during WebSocket handshake: Unexpected response code: 404 @ http://localhost:5173/@vite/client:1034
[ 5533365ms] [ERROR] WebSocket connection to 'ws://localhost:5173/' failed: Error during WebSocket handshake: Unexpected response code: 404 @ http://localhost:5173/@vite/client:1034
[ 5536957ms] [ERROR] WebSocket connection to 'ws://localhost:5173/' failed: Error during WebSocket handshake: Unexpected response code: 404 @ http://localhost:5173/@vite/client:1034
[ 5539051ms] [ERROR] WebSocket connection to 'ws://localhost:5173/' failed: Error during WebSocket handshake: Unexpected response code: 404 @ http://localhost:5173/@vite/client:1034
[ 5543943ms] [ERROR] WebSocket connection to 'ws://localhost:5173/' failed: Error during WebSocket handshake: Unexpected response code: 404 @ http://localhost:5173/@vite/client:1034
[ 5548470ms] [ERROR] WebSocket connection to 'ws://localhost:5173/' failed: Error during WebSocket handshake: Unexpected response code: 404 @ http://localhost:5173/@vite/client:1034
[ 5554065ms] [ERROR] WebSocket connection to 'ws://localhost:5173/' failed: Error during WebSocket handshake: Unexpected response code: 404 @ http://localhost:5173/@vite/client:1034
[ 5559575ms] [ERROR] WebSocket connection to 'ws://localhost:5173/' failed: Error during WebSocket handshake: Unexpected response code: 404 @ http://localhost:5173/@vite/client:1034
[ 5561705ms] [ERROR] WebSocket connection to 'ws://localhost:5173/' failed: Error during WebSocket handshake: Unexpected response code: 404 @ http://localhost:5173/@vite/client:1034
[ 5566151ms] [ERROR] WebSocket connection to 'ws://localhost:5173/' failed: Error during WebSocket handshake: Unexpected response code: 404 @ http://localhost:5173/@vite/client:1034
[ 5569557ms] [ERROR] WebSocket connection to 'ws://localhost:5173/' failed: Error during WebSocket handshake: Unexpected response code: 404 @ http://localhost:5173/@vite/client:1034
[ 5571915ms] [ERROR] WebSocket connection to 'ws://localhost:5173/' failed: Error during WebSocket handshake: Unexpected response code: 404 @ http://localhost:5173/@vite/client:1034
[ 5577718ms] [ERROR] WebSocket connection to 'ws://localhost:5173/' failed: Error during WebSocket handshake: Unexpected response code: 404 @ http://localhost:5173/@vite/client:1034
[ 5580865ms] [ERROR] WebSocket connection to 'ws://localhost:5173/' failed: Error during WebSocket handshake: Unexpected response code: 404 @ http://localhost:5173/@vite/client:1034
[ 5584833ms] [ERROR] WebSocket connection to 'ws://localhost:5173/' failed: Error during WebSocket handshake: Unexpected response code: 404 @ http://localhost:5173/@vite/client:1034
[ 5588124ms] [ERROR] WebSocket connection to 'ws://localhost:5173/' failed: Error during WebSocket handshake: Unexpected response code: 404 @ http://localhost:5173/@vite/client:1034
[ 5592556ms] [ERROR] WebSocket connection to 'ws://localhost:5173/' failed: Error during WebSocket handshake: Unexpected response code: 404 @ http://localhost:5173/@vite/client:1034
[ 5596530ms] [ERROR] WebSocket connection to 'ws://localhost:5173/' failed: Error during WebSocket handshake: Unexpected response code: 404 @ http://localhost:5173/@vite/client:1034
[ 5600190ms] [ERROR] WebSocket connection to 'ws://localhost:5173/' failed: Error during WebSocket handshake: Unexpected response code: 404 @ http://localhost:5173/@vite/client:1034
[ 5602487ms] [ERROR] WebSocket connection to 'ws://localhost:5173/' failed: Error during WebSocket handshake: Unexpected response code: 404 @ http://localhost:5173/@vite/client:1034
[ 5607756ms] [ERROR] WebSocket connection to 'ws://localhost:5173/' failed: Error during WebSocket handshake: Unexpected response code: 404 @ http://localhost:5173/@vite/client:1034
[ 5609966ms] [ERROR] WebSocket connection to 'ws://localhost:5173/' failed: Error during WebSocket handshake: Unexpected response code: 404 @ http://localhost:5173/@vite/client:1034
[ 5613983ms] [ERROR] WebSocket connection to 'ws://localhost:5173/' failed: Error during WebSocket handshake: Unexpected response code: 404 @ http://localhost:5173/@vite/client:1034
[ 5618524ms] [ERROR] WebSocket connection to 'ws://localhost:5173/' failed: Error during WebSocket handshake: Unexpected response code: 404 @ http://localhost:5173/@vite/client:1034
[ 5623006ms] [ERROR] WebSocket connection to 'ws://localhost:5173/' failed: Error during WebSocket handshake: Unexpected response code: 404 @ http://localhost:5173/@vite/client:1034
[ 5626959ms] [ERROR] WebSocket connection to 'ws://localhost:5173/' failed: Error during WebSocket handshake: Unexpected response code: 404 @ http://localhost:5173/@vite/client:1034
[ 5632425ms] [ERROR] WebSocket connection to 'ws://localhost:5173/' failed: Error during WebSocket handshake: Unexpected response code: 404 @ http://localhost:5173/@vite/client:1034
[ 5634733ms] [ERROR] WebSocket connection to 'ws://localhost:5173/' failed: Error during WebSocket handshake: Unexpected response code: 404 @ http://localhost:5173/@vite/client:1034
[ 5638041ms] [ERROR] WebSocket connection to 'ws://localhost:5173/' failed: Error during WebSocket handshake: Unexpected response code: 404 @ http://localhost:5173/@vite/client:1034
[ 5642331ms] [ERROR] WebSocket connection to 'ws://localhost:5173/' failed: Error during WebSocket handshake: Unexpected response code: 404 @ http://localhost:5173/@vite/client:1034
[ 5645084ms] [ERROR] WebSocket connection to 'ws://localhost:5173/' failed: Error during WebSocket handshake: Unexpected response code: 404 @ http://localhost:5173/@vite/client:1034
[ 5650663ms] [ERROR] WebSocket connection to 'ws://localhost:5173/' failed: Error during WebSocket handshake: Unexpected response code: 404 @ http://localhost:5173/@vite/client:1034
[ 5652904ms] [ERROR] WebSocket connection to 'ws://localhost:5173/' failed: Error during WebSocket handshake: Unexpected response code: 404 @ http://localhost:5173/@vite/client:1034
[ 5656359ms] [ERROR] WebSocket connection to 'ws://localhost:5173/' failed: Error during WebSocket handshake: Unexpected response code: 404 @ http://localhost:5173/@vite/client:1034
[ 5659901ms] [ERROR] WebSocket connection to 'ws://localhost:5173/' failed: Error during WebSocket handshake: Unexpected response code: 404 @ http://localhost:5173/@vite/client:1034
[ 5662483ms] [ERROR] WebSocket connection to 'ws://localhost:5173/' failed: Error during WebSocket handshake: Unexpected response code: 404 @ http://localhost:5173/@vite/client:1034
[ 5666266ms] [ERROR] WebSocket connection to 'ws://localhost:5173/' failed: Error during WebSocket handshake: Unexpected response code: 404 @ http://localhost:5173/@vite/client:1034
[ 5671905ms] [ERROR] WebSocket connection to 'ws://localhost:5173/' failed: Error during WebSocket handshake: Unexpected response code: 404 @ http://localhost:5173/@vite/client:1034
[ 5676429ms] [ERROR] WebSocket connection to 'ws://localhost:5173/' failed: Error during WebSocket handshake: Unexpected response code: 404 @ http://localhost:5173/@vite/client:1034
[ 5679047ms] [ERROR] WebSocket connection to 'ws://localhost:5173/' failed: Error during WebSocket handshake: Unexpected response code: 404 @ http://localhost:5173/@vite/client:1034
[ 5682124ms] [ERROR] WebSocket connection to 'ws://localhost:5173/' failed: Error during WebSocket handshake: Unexpected response code: 404 @ http://localhost:5173/@vite/client:1034
[ 5685183ms] [ERROR] WebSocket connection to 'ws://localhost:5173/' failed: Error during WebSocket handshake: Unexpected response code: 404 @ http://localhost:5173/@vite/client:1034
[ 5688804ms] [ERROR] WebSocket connection to 'ws://localhost:5173/' failed: Error during WebSocket handshake: Unexpected response code: 404 @ http://localhost:5173/@vite/client:1034
[ 5691432ms] [ERROR] WebSocket connection to 'ws://localhost:5173/' failed: Error during WebSocket handshake: Unexpected response code: 404 @ http://localhost:5173/@vite/client:1034
[ 5695450ms] [ERROR] WebSocket connection to 'ws://localhost:5173/' failed: Error during WebSocket handshake: Unexpected response code: 404 @ http://localhost:5173/@vite/client:1034
[ 5701154ms] [ERROR] WebSocket connection to 'ws://localhost:5173/' failed: Error during WebSocket handshake: Unexpected response code: 404 @ http://localhost:5173/@vite/client:1034
[ 5706733ms] [ERROR] WebSocket connection to 'ws://localhost:5173/' failed: Error during WebSocket handshake: Unexpected response code: 404 @ http://localhost:5173/@vite/client:1034
[ 5708879ms] [ERROR] WebSocket connection to 'ws://localhost:5173/' failed: Error during WebSocket handshake: Unexpected response code: 404 @ http://localhost:5173/@vite/client:1034
[ 5711571ms] [ERROR] WebSocket connection to 'ws://localhost:5173/' failed: Error during WebSocket handshake: Unexpected response code: 404 @ http://localhost:5173/@vite/client:1034
[ 5717465ms] [ERROR] WebSocket connection to 'ws://localhost:5173/' failed: Error during WebSocket handshake: Unexpected response code: 404 @ http://localhost:5173/@vite/client:1034
[ 5719508ms] [ERROR] WebSocket connection to 'ws://localhost:5173/' failed: Error during WebSocket handshake: Unexpected response code: 404 @ http://localhost:5173/@vite/client:1034
[ 5723646ms] [ERROR] WebSocket connection to 'ws://localhost:5173/' failed: Error during WebSocket handshake: Unexpected response code: 404 @ http://localhost:5173/@vite/client:1034
[ 5726614ms] [ERROR] WebSocket connection to 'ws://localhost:5173/' failed: Error during WebSocket handshake: Unexpected response code: 404 @ http://localhost:5173/@vite/client:1034
[ 5732015ms] [ERROR] WebSocket connection to 'ws://localhost:5173/' failed: Error during WebSocket handshake: Unexpected response code: 404 @ http://localhost:5173/@vite/client:1034
[ 5736432ms] [ERROR] WebSocket connection to 'ws://localhost:5173/' failed: Error during WebSocket handshake: Unexpected response code: 404 @ http://localhost:5173/@vite/client:1034
[ 5741294ms] [ERROR] WebSocket connection to 'ws://localhost:5173/' failed: Error during WebSocket handshake: Unexpected response code: 404 @ http://localhost:5173/@vite/client:1034
[ 5746332ms] [ERROR] WebSocket connection to 'ws://localhost:5173/' failed: Error during WebSocket handshake: Unexpected response code: 404 @ http://localhost:5173/@vite/client:1034
[ 5750422ms] [ERROR] WebSocket connection to 'ws://localhost:5173/' failed: Error during WebSocket handshake: Unexpected response code: 404 @ http://localhost:5173/@vite/client:1034
[ 5754517ms] [ERROR] WebSocket connection to 'ws://localhost:5173/' failed: Error during WebSocket handshake: Unexpected response code: 404 @ http://localhost:5173/@vite/client:1034
[ 5758179ms] [ERROR] WebSocket connection to 'ws://localhost:5173/' failed: Error during WebSocket handshake: Unexpected response code: 404 @ http://localhost:5173/@vite/client:1034
[ 5763701ms] [ERROR] WebSocket connection to 'ws://localhost:5173/' failed: Error during WebSocket handshake: Unexpected response code: 404 @ http://localhost:5173/@vite/client:1034
[ 5768563ms] [ERROR] WebSocket connection to 'ws://localhost:5173/' failed: Error during WebSocket handshake: Unexpected response code: 404 @ http://localhost:5173/@vite/client:1034
[ 5772391ms] [ERROR] WebSocket connection to 'ws://localhost:5173/' failed: Error during WebSocket handshake: Unexpected response code: 404 @ http://localhost:5173/@vite/client:1034
[ 5774681ms] [ERROR] WebSocket connection to 'ws://localhost:5173/' failed: Error during WebSocket handshake: Unexpected response code: 404 @ http://localhost:5173/@vite/client:1034
[ 5780562ms] [ERROR] WebSocket connection to 'ws://localhost:5173/' failed: Error during WebSocket handshake: Unexpected response code: 404 @ http://localhost:5173/@vite/client:1034
[ 5786358ms] [ERROR] WebSocket connection to 'ws://localhost:5173/' failed: Error during WebSocket handshake: Unexpected response code: 404 @ http://localhost:5173/@vite/client:1034
[ 5790490ms] [ERROR] WebSocket connection to 'ws://localhost:5173/' failed: Error during WebSocket handshake: Unexpected response code: 404 @ http://localhost:5173/@vite/client:1034
[ 5794831ms] [ERROR] WebSocket connection to 'ws://localhost:5173/' failed: Error during WebSocket handshake: Unexpected response code: 404 @ http://localhost:5173/@vite/client:1034
[ 5799625ms] [ERROR] WebSocket connection to 'ws://localhost:5173/' failed: Error during WebSocket handshake: Unexpected response code: 404 @ http://localhost:5173/@vite/client:1034
[ 5802663ms] [ERROR] WebSocket connection to 'ws://localhost:5173/' failed: Error during WebSocket handshake: Unexpected response code: 404 @ http://localhost:5173/@vite/client:1034
[ 5804895ms] [ERROR] WebSocket connection to 'ws://localhost:5173/' failed: Error during WebSocket handshake: Unexpected response code: 404 @ http://localhost:5173/@vite/client:1034
[ 5810103ms] [ERROR] WebSocket connection to 'ws://localhost:5173/' failed: Error during WebSocket handshake: Unexpected response code: 404 @ http://localhost:5173/@vite/client:1034
[ 5812403ms] [ERROR] WebSocket connection to 'ws://localhost:5173/' failed: Error during WebSocket handshake: Unexpected response code: 404 @ http://localhost:5173/@vite/client:1034
[ 5815078ms] [ERROR] WebSocket connection to 'ws://localhost:5173/' failed: Error during WebSocket handshake: Unexpected response code: 404 @ http://localhost:5173/@vite/client:1034
[ 5817220ms] [ERROR] WebSocket connection to 'ws://localhost:5173/' failed: Error during WebSocket handshake: Unexpected response code: 404 @ http://localhost:5173/@vite/client:1034
[ 5822989ms] [ERROR] WebSocket connection to 'ws://localhost:5173/' failed: Error during WebSocket handshake: Unexpected response code: 404 @ http://localhost:5173/@vite/client:1034
[ 5828385ms] [ERROR] WebSocket connection to 'ws://localhost:5173/' failed: Error during WebSocket handshake: Unexpected response code: 404 @ http://localhost:5173/@vite/client:1034
[ 5833523ms] [ERROR] WebSocket connection to 'ws://localhost:5173/' failed: Error during WebSocket handshake: Unexpected response code: 404 @ http://localhost:5173/@vite/client:1034
[ 5837905ms] [ERROR] WebSocket connection to 'ws://localhost:5173/' failed: Error during WebSocket handshake: Unexpected response code: 404 @ http://localhost:5173/@vite/client:1034
[ 5843234ms] [ERROR] WebSocket connection to 'ws://localhost:5173/' failed: Error during WebSocket handshake: Unexpected response code: 404 @ http://localhost:5173/@vite/client:1034
[ 5849040ms] [ERROR] WebSocket connection to 'ws://localhost:5173/' failed: Error during WebSocket handshake: Unexpected response code: 404 @ http://localhost:5173/@vite/client:1034
[ 5853905ms] [ERROR] WebSocket connection to 'ws://localhost:5173/' failed: Error during WebSocket handshake: Unexpected response code: 404 @ http://localhost:5173/@vite/client:1034
[ 5859726ms] [ERROR] WebSocket connection to 'ws://localhost:5173/' failed: Error during WebSocket handshake: Unexpected response code: 404 @ http://localhost:5173/@vite/client:1034
[ 5863463ms] [ERROR] WebSocket connection to 'ws://localhost:5173/' failed: Error during WebSocket handshake: Unexpected response code: 404 @ http://localhost:5173/@vite/client:1034
[ 5866148ms] [ERROR] WebSocket connection to 'ws://localhost:5173/' failed: Error during WebSocket handshake: Unexpected response code: 404 @ http://localhost:5173/@vite/client:1034
[ 5871300ms] [ERROR] WebSocket connection to 'ws://localhost:5173/' failed: Error during WebSocket handshake: Unexpected response code: 404 @ http://localhost:5173/@vite/client:1034
[ 5873412ms] [ERROR] WebSocket connection to 'ws://localhost:5173/' failed: Error during WebSocket handshake: Unexpected response code: 404 @ http://localhost:5173/@vite/client:1034
[ 5879025ms] [ERROR] WebSocket connection to 'ws://localhost:5173/' failed: Error during WebSocket handshake: Unexpected response code: 404 @ http://localhost:5173/@vite/client:1034
[ 5882180ms] [ERROR] WebSocket connection to 'ws://localhost:5173/' failed: Error during WebSocket handshake: Unexpected response code: 404 @ http://localhost:5173/@vite/client:1034
[ 5884925ms] [ERROR] WebSocket connection to 'ws://localhost:5173/' failed: Error during WebSocket handshake: Unexpected response code: 404 @ http://localhost:5173/@vite/client:1034
[ 5888010ms] [ERROR] WebSocket connection to 'ws://localhost:5173/' failed: Error during WebSocket handshake: Unexpected response code: 404 @ http://localhost:5173/@vite/client:1034
[ 5893504ms] [ERROR] WebSocket connection to 'ws://localhost:5173/' failed: Error during WebSocket handshake: Unexpected response code: 404 @ http://localhost:5173/@vite/client:1034
[ 5898568ms] [ERROR] WebSocket connection to 'ws://localhost:5173/' failed: Error during WebSocket handshake: Unexpected response code: 404 @ http://localhost:5173/@vite/client:1034
[ 5903256ms] [ERROR] WebSocket connection to 'ws://localhost:5173/' failed: Error during WebSocket handshake: Unexpected response code: 404 @ http://localhost:5173/@vite/client:1034
[ 5908084ms] [ERROR] WebSocket connection to 'ws://localhost:5173/' failed: Error during WebSocket handshake: Unexpected response code: 404 @ http://localhost:5173/@vite/client:1034
[ 5912504ms] [ERROR] WebSocket connection to 'ws://localhost:5173/' failed: Error during WebSocket handshake: Unexpected response code: 404 @ http://localhost:5173/@vite/client:1034
[ 5916368ms] [ERROR] WebSocket connection to 'ws://localhost:5173/' failed: Error during WebSocket handshake: Unexpected response code: 404 @ http://localhost:5173/@vite/client:1034
[ 5920629ms] [ERROR] WebSocket connection to 'ws://localhost:5173/' failed: Error during WebSocket handshake: Unexpected response code: 404 @ http://localhost:5173/@vite/client:1034
[ 5924998ms] [ERROR] WebSocket connection to 'ws://localhost:5173/' failed: Error during WebSocket handshake: Unexpected response code: 404 @ http://localhost:5173/@vite/client:1034
[ 5928893ms] [ERROR] WebSocket connection to 'ws://localhost:5173/' failed: Error during WebSocket handshake: Unexpected response code: 404 @ http://localhost:5173/@vite/client:1034
[ 5932865ms] [ERROR] WebSocket connection to 'ws://localhost:5173/' failed: Error during WebSocket handshake: Unexpected response code: 404 @ http://localhost:5173/@vite/client:1034
[ 5938101ms] [ERROR] WebSocket connection to 'ws://localhost:5173/' failed: Error during WebSocket handshake: Unexpected response code: 404 @ http://localhost:5173/@vite/client:1034
[ 5941399ms] [ERROR] WebSocket connection to 'ws://localhost:5173/' failed: Error during WebSocket handshake: Unexpected response code: 404 @ http://localhost:5173/@vite/client:1034
[ 5944103ms] [ERROR] WebSocket connection to 'ws://localhost:5173/' failed: Error during WebSocket handshake: Unexpected response code: 404 @ http://localhost:5173/@vite/client:1034
[ 5948337ms] [ERROR] WebSocket connection to 'ws://localhost:5173/' failed: Error during WebSocket handshake: Unexpected response code: 404 @ http://localhost:5173/@vite/client:1034
[ 5953860ms] [ERROR] WebSocket connection to 'ws://localhost:5173/' failed: Error during WebSocket handshake: Unexpected response code: 404 @ http://localhost:5173/@vite/client:1034
[ 5957936ms] [ERROR] WebSocket connection to 'ws://localhost:5173/' failed: Error during WebSocket handshake: Unexpected response code: 404 @ http://localhost:5173/@vite/client:1034
[ 5963254ms] [ERROR] WebSocket connection to 'ws://localhost:5173/' failed: Error during WebSocket handshake: Unexpected response code: 404 @ http://localhost:5173/@vite/client:1034
[ 5969224ms] [ERROR] WebSocket connection to 'ws://localhost:5173/' failed: Error during WebSocket handshake: Unexpected response code: 404 @ http://localhost:5173/@vite/client:1034
[ 5973348ms] [ERROR] WebSocket connection to 'ws://localhost:5173/' failed: Error during WebSocket handshake: Unexpected response code: 404 @ http://localhost:5173/@vite/client:1034
[ 5976202ms] [ERROR] WebSocket connection to 'ws://localhost:5173/' failed: Error during WebSocket handshake: Unexpected response code: 404 @ http://localhost:5173/@vite/client:1034
[ 5978749ms] [ERROR] WebSocket connection to 'ws://localhost:5173/' failed: Error during WebSocket handshake: Unexpected response code: 404 @ http://localhost:5173/@vite/client:1034
[ 5984534ms] [ERROR] WebSocket connection to 'ws://localhost:5173/' failed: Error during WebSocket handshake: Unexpected response code: 404 @ http://localhost:5173/@vite/client:1034
[ 5989376ms] [ERROR] WebSocket connection to 'ws://localhost:5173/' failed: Error during WebSocket handshake: Unexpected response code: 404 @ http://localhost:5173/@vite/client:1034
[ 5992988ms] [ERROR] WebSocket connection to 'ws://localhost:5173/' failed: Error during WebSocket handshake: Unexpected response code: 404 @ http://localhost:5173/@vite/client:1034
[ 5997396ms] [ERROR] WebSocket connection to 'ws://localhost:5173/' failed: Error during WebSocket handshake: Unexpected response code: 404 @ http://localhost:5173/@vite/client:1034
[ 5998408ms] [ERROR] WebSocket connection to 'ws://localhost:5173/' failed: Error during WebSocket handshake: Unexpected response code: 404 @ http://localhost:5173/@vite/client:1034
[ 5999419ms] [ERROR] WebSocket connection to 'ws://localhost:5173/' failed: Error during WebSocket handshake: Unexpected response code: 404 @ http://localhost:5173/@vite/client:1034
[ 6000426ms] [ERROR] WebSocket connection to 'ws://localhost:5173/' failed: Error during WebSocket handshake: Unexpected response code: 404 @ http://localhost:5173/@vite/client:1034
[ 6001438ms] [ERROR] WebSocket connection to 'ws://localhost:5173/' failed: Error during WebSocket handshake: Unexpected response code: 404 @ http://localhost:5173/@vite/client:1034
[ 6002451ms] [ERROR] WebSocket connection to 'ws://localhost:5173/' failed: Error during WebSocket handshake: Unexpected response code: 404 @ http://localhost:5173/@vite/client:1034
[ 6003463ms] [ERROR] WebSocket connection to 'ws://localhost:5173/' failed: Error during WebSocket handshake: Unexpected response code: 404 @ http://localhost:5173/@vite/client:1034
[ 6004484ms] [ERROR] WebSocket connection to 'ws://localhost:5173/' failed: Error during WebSocket handshake: Unexpected response code: 404 @ http://localhost:5173/@vite/client:1034
[ 6005509ms] [ERROR] WebSocket connection to 'ws://localhost:5173/' failed: Error during WebSocket handshake: Unexpected response code: 404 @ http://localhost:5173/@vite/client:1034
[ 6006546ms] [ERROR] WebSocket connection to 'ws://localhost:5173/' failed: Error during WebSocket handshake: Unexpected response code: 404 @ http://localhost:5173/@vite/client:1034
[ 6007597ms] [ERROR] WebSocket connection to 'ws://localhost:5173/' failed: Error during WebSocket handshake: Unexpected response code: 404 @ http://localhost:5173/@vite/client:1034
[ 6008708ms] [ERROR] WebSocket connection to 'ws://localhost:5173/' failed: Error during WebSocket handshake: Unexpected response code: 404 @ http://localhost:5173/@vite/client:1034
[ 6009997ms] [ERROR] WebSocket connection to 'ws://localhost:5173/' failed: Error during WebSocket handshake: Unexpected response code: 404 @ http://localhost:5173/@vite/client:1034
[ 6011406ms] [ERROR] WebSocket connection to 'ws://localhost:5173/' failed: Error during WebSocket handshake: Unexpected response code: 404 @ http://localhost:5173/@vite/client:1034
[ 6013235ms] [ERROR] WebSocket connection to 'ws://localhost:5173/' failed: Error during WebSocket handshake: Unexpected response code: 404 @ http://localhost:5173/@vite/client:1034
[ 6016583ms] [ERROR] WebSocket connection to 'ws://localhost:5173/' failed: Error during WebSocket handshake: Unexpected response code: 404 @ http://localhost:5173/@vite/client:1034
[ 6020775ms] [ERROR] WebSocket connection to 'ws://localhost:5173/' failed: Error during WebSocket handshake: Unexpected response code: 404 @ http://localhost:5173/@vite/client:1034
[ 6024415ms] [ERROR] WebSocket connection to 'ws://localhost:5173/' failed: Error during WebSocket handshake: Unexpected response code: 404 @ http://localhost:5173/@vite/client:1034
[ 6028959ms] [ERROR] WebSocket connection to 'ws://localhost:5173/' failed: Error during WebSocket handshake: Unexpected response code: 404 @ http://localhost:5173/@vite/client:1034
[ 6031552ms] [ERROR] WebSocket connection to 'ws://localhost:5173/' failed: Error during WebSocket handshake: Unexpected response code: 404 @ http://localhost:5173/@vite/client:1034
[ 6036783ms] [ERROR] WebSocket connection to 'ws://localhost:5173/' failed: Error during WebSocket handshake: Unexpected response code: 404 @ http://localhost:5173/@vite/client:1034
[ 6041876ms] [ERROR] WebSocket connection to 'ws://localhost:5173/' failed: Error during WebSocket handshake: Unexpected response code: 404 @ http://localhost:5173/@vite/client:1034
[ 6045283ms] [ERROR] WebSocket connection to 'ws://localhost:5173/' failed: Error during WebSocket handshake: Unexpected response code: 404 @ http://localhost:5173/@vite/client:1034
[ 6049743ms] [ERROR] WebSocket connection to 'ws://localhost:5173/' failed: Error during WebSocket handshake: Unexpected response code: 404 @ http://localhost:5173/@vite/client:1034
[ 6054792ms] [ERROR] WebSocket connection to 'ws://localhost:5173/' failed: Error during WebSocket handshake: Unexpected response code: 404 @ http://localhost:5173/@vite/client:1034
[ 6058248ms] [ERROR] WebSocket connection to 'ws://localhost:5173/' failed: Error during WebSocket handshake: Unexpected response code: 404 @ http://localhost:5173/@vite/client:1034
[ 6062077ms] [ERROR] WebSocket connection to 'ws://localhost:5173/' failed: Error during WebSocket handshake: Unexpected response code: 404 @ http://localhost:5173/@vite/client:1034
[ 6067941ms] [ERROR] WebSocket connection to 'ws://localhost:5173/' failed: Error during WebSocket handshake: Unexpected response code: 404 @ http://localhost:5173/@vite/client:1034
[ 6072001ms] [ERROR] WebSocket connection to 'ws://localhost:5173/' failed: Error during WebSocket handshake: Unexpected response code: 404 @ http://localhost:5173/@vite/client:1034
[ 6075581ms] [ERROR] WebSocket connection to 'ws://localhost:5173/' failed: Error during WebSocket handshake: Unexpected response code: 404 @ http://localhost:5173/@vite/client:1034
[ 6078981ms] [ERROR] WebSocket connection to 'ws://localhost:5173/' failed: Error during WebSocket handshake: Unexpected response code: 404 @ http://localhost:5173/@vite/client:1034
[ 6083900ms] [ERROR] WebSocket connection to 'ws://localhost:5173/' failed: Error during WebSocket handshake: Unexpected response code: 404 @ http://localhost:5173/@vite/client:1034
[ 6087892ms] [ERROR] WebSocket connection to 'ws://localhost:5173/' failed: Error during WebSocket handshake: Unexpected response code: 404 @ http://localhost:5173/@vite/client:1034
[ 6092310ms] [ERROR] WebSocket connection to 'ws://localhost:5173/' failed: Error during WebSocket handshake: Unexpected response code: 404 @ http://localhost:5173/@vite/client:1034
[ 6095565ms] [ERROR] WebSocket connection to 'ws://localhost:5173/' failed: Error during WebSocket handshake: Unexpected response code: 404 @ http://localhost:5173/@vite/client:1034
[ 6098476ms] [ERROR] WebSocket connection to 'ws://localhost:5173/' failed: Error during WebSocket handshake: Unexpected response code: 404 @ http://localhost:5173/@vite/client:1034
[ 6100899ms] [ERROR] WebSocket connection to 'ws://localhost:5173/' failed: Error during WebSocket handshake: Unexpected response code: 404 @ http://localhost:5173/@vite/client:1034
[ 6104867ms] [ERROR] WebSocket connection to 'ws://localhost:5173/' failed: Error during WebSocket handshake: Unexpected response code: 404 @ http://localhost:5173/@vite/client:1034
[ 6107629ms] [ERROR] WebSocket connection to 'ws://localhost:5173/' failed: Error during WebSocket handshake: Unexpected response code: 404 @ http://localhost:5173/@vite/client:1034
[ 6112724ms] [ERROR] WebSocket connection to 'ws://localhost:5173/' failed: Error during WebSocket handshake: Unexpected response code: 404 @ http://localhost:5173/@vite/client:1034
[ 6118112ms] [ERROR] WebSocket connection to 'ws://localhost:5173/' failed: Error during WebSocket handshake: Unexpected response code: 404 @ http://localhost:5173/@vite/client:1034
[ 6119118ms] [ERROR] WebSocket connection to 'ws://localhost:5173/' failed: Error during WebSocket handshake: Unexpected response code: 404 @ http://localhost:5173/@vite/client:1034
[ 6120130ms] [ERROR] WebSocket connection to 'ws://localhost:5173/' failed: Error during WebSocket handshake: Unexpected response code: 404 @ http://localhost:5173/@vite/client:1034
[ 6121146ms] [ERROR] WebSocket connection to 'ws://localhost:5173/' failed: Error during WebSocket handshake: Unexpected response code: 404 @ http://localhost:5173/@vite/client:1034
[ 6122154ms] [ERROR] WebSocket connection to 'ws://localhost:5173/' failed: Error during WebSocket handshake: Unexpected response code: 404 @ http://localhost:5173/@vite/client:1034
[ 6123172ms] [ERROR] WebSocket connection to 'ws://localhost:5173/' failed: Error during WebSocket handshake: Unexpected response code: 404 @ http://localhost:5173/@vite/client:1034
[ 6124185ms] [ERROR] WebSocket connection to 'ws://localhost:5173/' failed: Error during WebSocket handshake: Unexpected response code: 404 @ http://localhost:5173/@vite/client:1034
[ 6125208ms] [ERROR] WebSocket connection to 'ws://localhost:5173/' failed: Error during WebSocket handshake: Unexpected response code: 404 @ http://localhost:5173/@vite/client:1034
[ 6126233ms] [ERROR] WebSocket connection to 'ws://localhost:5173/' failed: Error during WebSocket handshake: Unexpected response code: 404 @ http://localhost:5173/@vite/client:1034
[ 6127285ms] [ERROR] WebSocket connection to 'ws://localhost:5173/' failed: Error during WebSocket handshake: Unexpected response code: 404 @ http://localhost:5173/@vite/client:1034
[ 6128353ms] [ERROR] WebSocket connection to 'ws://localhost:5173/' failed: Error during WebSocket handshake: Unexpected response code: 404 @ http://localhost:5173/@vite/client:1034
[ 6129495ms] [ERROR] WebSocket connection to 'ws://localhost:5173/' failed: Error during WebSocket handshake: Unexpected response code: 404 @ http://localhost:5173/@vite/client:1034
[ 6130757ms] [ERROR] WebSocket connection to 'ws://localhost:5173/' failed: Error during WebSocket handshake: Unexpected response code: 404 @ http://localhost:5173/@vite/client:1034
[ 6132269ms] [ERROR] WebSocket connection to 'ws://localhost:5173/' failed: Error during WebSocket handshake: Unexpected response code: 404 @ http://localhost:5173/@vite/client:1034
[ 6133577ms] [ERROR] WebSocket connection to 'ws://localhost:5173/' failed: Error during WebSocket handshake: Unexpected response code: 404 @ http://localhost:5173/@vite/client:1034
[ 6135874ms] [ERROR] WebSocket connection to 'ws://localhost:5173/' failed: Error during WebSocket handshake: Unexpected response code: 404 @ http://localhost:5173/@vite/client:1034
[ 6140611ms] [ERROR] WebSocket connection to 'ws://localhost:5173/' failed: Error during WebSocket handshake: Unexpected response code: 404 @ http://localhost:5173/@vite/client:1034
[ 6144830ms] [ERROR] WebSocket connection to 'ws://localhost:5173/' failed: Error during WebSocket handshake: Unexpected response code: 404 @ http://localhost:5173/@vite/client:1034
[ 6147608ms] [ERROR] WebSocket connection to 'ws://localhost:5173/' failed: Error during WebSocket handshake: Unexpected response code: 404 @ http://localhost:5173/@vite/client:1034
[ 6152644ms] [ERROR] WebSocket connection to 'ws://localhost:5173/' failed: Error during WebSocket handshake: Unexpected response code: 404 @ http://localhost:5173/@vite/client:1034
[ 6157233ms] [ERROR] WebSocket connection to 'ws://localhost:5173/' failed: Error during WebSocket handshake: Unexpected response code: 404 @ http://localhost:5173/@vite/client:1034
[ 6160449ms] [ERROR] WebSocket connection to 'ws://localhost:5173/' failed: Error during WebSocket handshake: Unexpected response code: 404 @ http://localhost:5173/@vite/client:1034
[ 6164170ms] [ERROR] WebSocket connection to 'ws://localhost:5173/' failed: Error during WebSocket handshake: Unexpected response code: 404 @ http://localhost:5173/@vite/client:1034
[ 6169343ms] [ERROR] WebSocket connection to 'ws://localhost:5173/' failed: Error during WebSocket handshake: Unexpected response code: 404 @ http://localhost:5173/@vite/client:1034
[ 6175084ms] [ERROR] WebSocket connection to 'ws://localhost:5173/' failed: Error during WebSocket handshake: Unexpected response code: 404 @ http://localhost:5173/@vite/client:1034
[ 6179856ms] [ERROR] WebSocket connection to 'ws://localhost:5173/' failed: Error during WebSocket handshake: Unexpected response code: 404 @ http://localhost:5173/@vite/client:1034
[ 6183588ms] [ERROR] WebSocket connection to 'ws://localhost:5173/' failed: Error during WebSocket handshake: Unexpected response code: 404 @ http://localhost:5173/@vite/client:1034
[ 6188274ms] [ERROR] WebSocket connection to 'ws://localhost:5173/' failed: Error during WebSocket handshake: Unexpected response code: 404 @ http://localhost:5173/@vite/client:1034
[ 6192047ms] [ERROR] WebSocket connection to 'ws://localhost:5173/' failed: Error during WebSocket handshake: Unexpected response code: 404 @ http://localhost:5173/@vite/client:1034
[ 6195789ms] [ERROR] WebSocket connection to 'ws://localhost:5173/' failed: Error during WebSocket handshake: Unexpected response code: 404 @ http://localhost:5173/@vite/client:1034
[ 6201008ms] [ERROR] WebSocket connection to 'ws://localhost:5173/' failed: Error during WebSocket handshake: Unexpected response code: 404 @ http://localhost:5173/@vite/client:1034
[ 6203846ms] [ERROR] WebSocket connection to 'ws://localhost:5173/' failed: Error during WebSocket handshake: Unexpected response code: 404 @ http://localhost:5173/@vite/client:1034
[ 6207649ms] [ERROR] WebSocket connection to 'ws://localhost:5173/' failed: Error during WebSocket handshake: Unexpected response code: 404 @ http://localhost:5173/@vite/client:1034
[ 6210654ms] [ERROR] WebSocket connection to 'ws://localhost:5173/' failed: Error during WebSocket handshake: Unexpected response code: 404 @ http://localhost:5173/@vite/client:1034
[ 6216110ms] [ERROR] WebSocket connection to 'ws://localhost:5173/' failed: Error during WebSocket handshake: Unexpected response code: 404 @ http://localhost:5173/@vite/client:1034
[ 6219300ms] [ERROR] WebSocket connection to 'ws://localhost:5173/' failed: Error during WebSocket handshake: Unexpected response code: 404 @ http://localhost:5173/@vite/client:1034
[ 6222992ms] [ERROR] WebSocket connection to 'ws://localhost:5173/' failed: Error during WebSocket handshake: Unexpected response code: 404 @ http://localhost:5173/@vite/client:1034
[ 6227810ms] [ERROR] WebSocket connection to 'ws://localhost:5173/' failed: Error during WebSocket handshake: Unexpected response code: 404 @ http://localhost:5173/@vite/client:1034
[ 6230237ms] [ERROR] WebSocket connection to 'ws://localhost:5173/' failed: Error during WebSocket handshake: Unexpected response code: 404 @ http://localhost:5173/@vite/client:1034
[ 6233424ms] [ERROR] WebSocket connection to 'ws://localhost:5173/' failed: Error during WebSocket handshake: Unexpected response code: 404 @ http://localhost:5173/@vite/client:1034
[ 6238053ms] [ERROR] WebSocket connection to 'ws://localhost:5173/' failed: Error during WebSocket handshake: Unexpected response code: 404 @ http://localhost:5173/@vite/client:1034
[ 6243255ms] [ERROR] WebSocket connection to 'ws://localhost:5173/' failed: Error during WebSocket handshake: Unexpected response code: 404 @ http://localhost:5173/@vite/client:1034
[ 6249201ms] [ERROR] WebSocket connection to 'ws://localhost:5173/' failed: Error during WebSocket handshake: Unexpected response code: 404 @ http://localhost:5173/@vite/client:1034
[ 6251323ms] [ERROR] WebSocket connection to 'ws://localhost:5173/' failed: Error during WebSocket handshake: Unexpected response code: 404 @ http://localhost:5173/@vite/client:1034
[ 6253795ms] [ERROR] WebSocket connection to 'ws://localhost:5173/' failed: Error during WebSocket handshake: Unexpected response code: 404 @ http://localhost:5173/@vite/client:1034
[ 6256453ms] [ERROR] WebSocket connection to 'ws://localhost:5173/' failed: Error during WebSocket handshake: Unexpected response code: 404 @ http://localhost:5173/@vite/client:1034
[ 6262137ms] [ERROR] WebSocket connection to 'ws://localhost:5173/' failed: Error during WebSocket handshake: Unexpected response code: 404 @ http://localhost:5173/@vite/client:1034
[ 6264555ms] [ERROR] WebSocket connection to 'ws://localhost:5173/' failed: Error during WebSocket handshake: Unexpected response code: 404 @ http://localhost:5173/@vite/client:1034
[ 6267766ms] [ERROR] WebSocket connection to 'ws://localhost:5173/' failed: Error during WebSocket handshake: Unexpected response code: 404 @ http://localhost:5173/@vite/client:1034
[ 6269815ms] [ERROR] WebSocket connection to 'ws://localhost:5173/' failed: Error during WebSocket handshake: Unexpected response code: 404 @ http://localhost:5173/@vite/client:1034
[ 6273651ms] [ERROR] WebSocket connection to 'ws://localhost:5173/' failed: Error during WebSocket handshake: Unexpected response code: 404 @ http://localhost:5173/@vite/client:1034
[ 6275816ms] [ERROR] WebSocket connection to 'ws://localhost:5173/' failed: Error during WebSocket handshake: Unexpected response code: 404 @ http://localhost:5173/@vite/client:1034
[ 6279669ms] [ERROR] WebSocket connection to 'ws://localhost:5173/' failed: Error during WebSocket handshake: Unexpected response code: 404 @ http://localhost:5173/@vite/client:1034
[ 6282132ms] [ERROR] WebSocket connection to 'ws://localhost:5173/' failed: Error during WebSocket handshake: Unexpected response code: 404 @ http://localhost:5173/@vite/client:1034
[ 6287292ms] [ERROR] WebSocket connection to 'ws://localhost:5173/' failed: Error during WebSocket handshake: Unexpected response code: 404 @ http://localhost:5173/@vite/client:1034
[ 6292973ms] [ERROR] WebSocket connection to 'ws://localhost:5173/' failed: Error during WebSocket handshake: Unexpected response code: 404 @ http://localhost:5173/@vite/client:1034
[ 6298544ms] [ERROR] WebSocket connection to 'ws://localhost:5173/' failed: Error during WebSocket handshake: Unexpected response code: 404 @ http://localhost:5173/@vite/client:1034
[ 6304281ms] [ERROR] WebSocket connection to 'ws://localhost:5173/' failed: Error during WebSocket handshake: Unexpected response code: 404 @ http://localhost:5173/@vite/client:1034
[ 6309274ms] [ERROR] WebSocket connection to 'ws://localhost:5173/' failed: Error during WebSocket handshake: Unexpected response code: 404 @ http://localhost:5173/@vite/client:1034
[ 6315276ms] [ERROR] WebSocket connection to 'ws://localhost:5173/' failed: Error during WebSocket handshake: Unexpected response code: 404 @ http://localhost:5173/@vite/client:1034
[ 6321023ms] [ERROR] WebSocket connection to 'ws://localhost:5173/' failed: Error during WebSocket handshake: Unexpected response code: 404 @ http://localhost:5173/@vite/client:1034
[ 6324062ms] [ERROR] WebSocket connection to 'ws://localhost:5173/' failed: Error during WebSocket handshake: Unexpected response code: 404 @ http://localhost:5173/@vite/client:1034
[ 6329897ms] [ERROR] WebSocket connection to 'ws://localhost:5173/' failed: Error during WebSocket handshake: Unexpected response code: 404 @ http://localhost:5173/@vite/client:1034
[ 6333362ms] [ERROR] WebSocket connection to 'ws://localhost:5173/' failed: Error during WebSocket handshake: Unexpected response code: 404 @ http://localhost:5173/@vite/client:1034
[ 6336957ms] [ERROR] WebSocket connection to 'ws://localhost:5173/' failed: Error during WebSocket handshake: Unexpected response code: 404 @ http://localhost:5173/@vite/client:1034
[ 6342558ms] [ERROR] WebSocket connection to 'ws://localhost:5173/' failed: Error during WebSocket handshake: Unexpected response code: 404 @ http://localhost:5173/@vite/client:1034
